Date,Position [Encoder Input Ch:0 -> ENC1001 -> HUB0002 Port:0 S/N:750804]
20:39.4,0
20:39.6,0
20:39.8,0
20:40.0,0
20:40.2,0
20:40.4,0
20:40.6,0
20:40.8,0
20:41.0,0
20:41.2,0
20:41.4,0
20:41.6,0
20:41.8,0
20:42.0,0
20:42.2,0
20:42.4,0
20:42.6,0
20:42.8,0
20:43.0,0
20:43.2,0
20:43.4,0
20:43.6,0
20:43.8,0
20:44.0,0
20:44.2,0
20:44.4,0
20:44.6,0
20:44.8,0
20:45.0,0
20:45.2,0
20:45.4,0
20:45.6,0
20:45.8,0
20:46.0,0
20:46.2,0
20:46.4,0
20:46.6,0
20:46.8,0
20:47.0,0
20:47.2,0
20:47.4,0
20:47.6,0
20:47.8,0
20:48.0,0
20:48.2,0
20:48.4,0
20:48.6,0
20:48.8,0
20:49.0,0
20:49.2,0
20:49.4,0
20:49.6,0
20:49.8,0
20:50.0,0
20:50.2,0
20:50.4,0
20:50.6,0
20:50.8,0
20:51.0,0
20:51.2,0
20:51.4,0
20:51.6,0
20:51.8,0
20:52.0,0
20:52.2,0
20:52.4,0
20:52.6,0
20:52.8,0
20:53.0,0
20:53.2,0
20:53.4,0
20:53.6,0
20:53.8,0
20:54.0,0
20:54.2,0
20:54.4,0
20:54.6,0
20:54.8,0
20:55.0,0
20:55.2,0
20:55.4,0
20:55.6,0
20:55.8,0
20:56.0,0
20:56.2,0
20:56.4,332
20:56.6,744
20:56.8,1150
20:57.0,1545
20:57.2,1958
20:57.4,2371
20:57.6,2761
20:57.8,3136
20:58.0,3530
20:58.2,3916
20:58.4,4296
20:58.6,4668
20:58.8,5071
20:59.0,5455
20:59.2,5836
20:59.4,6225
20:59.6,6626
20:59.8,7014
21:00.0,7397
21:00.2,7796
21:00.4,8196
21:00.6,8582
21:00.8,8980
21:01.0,9393
21:01.2,9798
21:01.4,9856
21:01.6,9856
21:01.8,9856
21:02.0,9856
21:02.2,9856
21:02.4,9856
21:02.6,9856
21:02.8,9856
21:03.0,9856
21:03.2,9856
21:03.4,9856
21:03.6,9856
21:03.8,9856
21:04.0,9856
21:04.2,9856
21:04.4,9856
21:04.6,9490
21:04.8,9076
21:05.0,8677
21:05.2,8285
21:05.4,7885
21:05.6,7487
21:05.8,7118
21:06.0,6738
21:06.2,6352
21:06.4,5964
21:06.6,5581
21:06.8,5205
21:07.0,4806
21:07.2,4417
21:07.4,4044
21:07.6,3659
21:07.8,3270
21:08.0,2886
21:08.2,2522
21:08.4,2128
21:08.6,1732
21:08.8,1349
21:09.0,992
21:09.2,617
21:09.4,256
21:09.6,19
21:09.8,18
21:10.0,18
21:10.2,18
21:10.4,18
21:10.6,18
21:10.8,18
21:11.0,18
21:11.2,18
21:11.4,18
21:11.6,18
21:11.8,18
21:12.0,18
21:12.2,18
21:12.4,18
21:12.6,18
21:12.8,18
21:13.0,18
21:13.2,18
21:13.4,18
21:13.6,56
21:13.8,470
21:14.0,872
21:14.2,1274
21:14.4,1673
21:14.6,2093
21:14.8,2503
21:15.0,2885
21:15.2,3257
21:15.4,3656
21:15.6,4041
21:15.8,4413
21:16.0,4800
21:16.2,5196
21:16.4,5580
21:16.6,5958
21:16.8,6356
21:17.0,6751
21:17.2,7137
21:17.4,7523
21:17.6,7928
21:17.8,8323
21:18.0,8714
21:18.2,9113
21:18.4,9528
21:18.6,9861
21:18.8,9861
21:19.0,9861
21:19.2,9861
21:19.4,9861
21:19.6,9861
21:19.8,9861
21:20.0,9861
21:20.2,9861
21:20.4,9861
21:20.6,9861
21:20.8,9861
21:21.0,9861
21:21.2,9861
21:21.3,9861
21:21.5,9861
21:21.7,9861
21:21.9,9861
21:22.1,9861
21:22.3,9861
21:22.5,9861
21:22.7,9754
21:22.9,9335
21:23.1,8920
21:23.3,8508
21:23.5,8108
21:23.7,7696
21:23.9,7306
21:24.1,6926
21:24.3,6544
21:24.5,6148
21:24.7,5761
21:24.9,5391
21:25.1,4993
21:25.3,4596
21:25.5,4209
21:25.7,3835
21:25.9,3449
21:26.1,3065
21:26.3,2689
21:26.5,2309
21:26.7,1909
21:26.9,1518
21:27.1,1161
21:27.3,792
21:27.5,414
21:27.7,55
21:27.9,42
21:28.1,42
21:28.3,42
21:28.5,42
21:28.7,42
21:28.9,42
21:29.1,42
21:29.3,42
21:29.5,42
21:29.7,42
21:29.9,42
21:30.1,42
21:30.3,42
21:30.5,42
21:30.7,42
21:30.9,42
21:31.1,42
21:31.3,42
21:31.5,42
21:31.7,42
21:31.9,243
21:32.1,640
21:32.3,1045
21:32.5,1442
21:32.7,1848
21:32.9,2272
21:33.1,2667
21:33.3,3039
21:33.5,3426
21:33.7,3816
21:33.9,4195
21:34.1,4568
21:34.3,4964
21:34.5,5352
21:34.7,5737
21:34.9,6123
21:35.1,6517
21:35.3,6910
21:35.5,7291
21:35.7,7685
21:35.9,8087
21:36.1,8481
21:36.3,8864
21:36.5,9274
21:36.7,9681
21:36.9,9937
21:37.1,9937
21:37.3,9937
21:37.5,9937
21:37.7,9937
21:37.9,9937
21:38.1,9937
21:38.3,9937
21:38.5,9937
21:38.7,9937
21:38.9,9937
21:39.1,9937
21:39.3,9937
21:39.5,9937
21:39.7,9937
21:39.9,9937
21:40.1,9937
21:40.3,9937
21:40.5,9937
21:40.7,9937
21:40.9,9937
21:41.1,9671
21:41.3,9250
21:41.5,8843
21:41.7,8435
21:41.9,8032
21:42.1,7626
21:42.3,7241
21:42.5,6866
21:42.7,6472
21:42.9,6082
21:43.1,5703
21:43.3,5318
21:43.5,4929
21:43.7,4535
21:43.9,4154
21:44.1,3781
21:44.3,3388
21:44.5,3009
21:44.7,2634
21:44.9,2253
21:45.1,1853
21:45.3,1471
21:45.5,1113
21:45.7,740
21:45.9,363
21:46.1,9
21:46.3,-36
21:46.5,-36
21:46.7,-36
21:46.9,-36
21:47.1,-36
21:47.3,-36
21:47.5,-36
21:47.7,-36
21:47.9,-36
21:48.1,-36
21:48.3,-36
21:48.5,-36
21:48.7,-36
21:48.9,-36
21:49.1,-36
21:49.3,-36
21:49.5,-36
21:49.7,-36
21:49.9,-36
21:50.1,-36
21:50.3,306
21:50.5,703
21:50.7,1100
21:50.9,1488
21:51.1,1884
21:51.3,2295
21:51.5,2678
21:51.7,3046
21:51.9,3424
21:52.1,3805
21:52.3,4179
21:52.5,4542
21:52.7,4929
21:52.9,5311
21:53.1,5684
21:53.3,6057
21:53.5,6451
21:53.7,6833
21:53.9,7212
21:54.1,7592
21:54.3,7991
21:54.5,8380
21:54.7,8760
21:54.9,9154
21:55.1,9555
21:55.3,9911
21:55.5,9909
21:55.7,9909
21:55.9,9909
21:56.1,9909
21:56.3,9909
21:56.5,9909
21:56.7,9909
21:56.9,9909
21:57.1,9909
21:57.3,9909
21:57.5,9909
21:57.7,9909
21:57.9,9909
21:58.1,9909
21:58.3,9909
21:58.5,9909
21:58.7,9909
21:58.9,9909
21:59.1,9909
21:59.3,9892
21:59.5,9483
21:59.7,9066
21:59.9,8652
22:00.1,8257
22:00.3,7846
22:00.5,7444
22:00.7,7071
22:00.9,6691
22:01.1,6299
22:01.3,5915
22:01.5,5533
22:01.7,5150
22:01.9,4752
22:02.1,4363
22:02.3,3996
22:02.5,3605
22:02.7,3218
22:02.9,2842
22:03.1,2464
22:03.3,2076
22:03.5,1676
22:03.7,1307
22:03.9,945
22:04.1,568
22:04.3,210
22:04.5,40
22:04.7,39
22:04.9,39
22:05.1,39
22:05.3,39
22:05.5,39
22:05.7,39
22:05.9,39
22:06.1,39
22:06.3,39
22:06.5,39
22:06.7,39
22:06.9,39
22:07.1,39
22:07.3,39
22:07.5,39
22:07.7,39
22:07.9,39
22:08.1,39
22:08.3,39
22:08.5,126
22:08.7,536
22:08.9,941
22:09.1,1338
22:09.3,1741
22:09.5,2160
22:09.7,2563
22:09.9,2942
22:10.1,3322
22:10.3,3713
22:10.5,4093
22:10.7,4464
22:10.9,4852
22:11.1,5240
22:11.3,5624
22:11.5,6002
22:11.7,6404
22:11.9,6796
22:12.1,7179
22:12.3,7576
22:12.5,7972
22:12.7,8366
22:12.9,8755
22:13.1,9157
22:13.3,9567
22:13.5,9923
22:13.7,9920
22:13.9,9920
22:14.1,9920
22:14.2,9920
22:14.4,9920
22:14.7,9920
22:14.8,9920
22:15.0,9920
22:15.2,9920
22:15.4,9920
22:15.6,9920
22:15.8,9920
22:16.0,9920
22:16.2,9920
22:16.4,9920
22:16.6,9920
22:16.8,9920
22:17.0,9920
22:17.2,9920
22:17.4,9920
22:17.6,9901
22:17.8,9495
22:18.0,9074
22:18.2,8666
22:18.4,8269
22:18.6,7860
22:18.8,7456
22:19.0,7079
22:19.2,6698
22:19.4,6304
22:19.6,5921
22:19.8,5542
22:20.0,5156
22:20.2,4754
22:20.4,4374
22:20.6,4004
22:20.8,3612
22:21.0,3228
22:21.2,2849
22:21.4,2472
22:21.6,2083
22:21.8,1684
22:22.0,1316
22:22.2,964
22:22.4,586
22:22.6,218
22:22.8,53
22:23.0,52
22:23.2,52
22:23.4,52
22:23.6,52
22:23.8,52
22:24.0,52
22:24.2,52
22:24.4,52
22:24.6,52
22:24.8,52
22:25.0,52
22:25.2,52
22:25.4,52
22:25.6,52
22:25.8,52
22:26.0,52
22:26.2,52
22:26.4,52
22:26.6,52
22:26.8,145
22:27.0,552
22:27.2,957
22:27.4,1357
22:27.6,1759
22:27.8,2183
22:28.0,2584
22:28.2,2958
22:28.4,3338
22:28.6,3732
22:28.8,4108
22:29.0,4483
22:29.2,4870
22:29.4,5260
22:29.6,5641
22:29.8,6023
22:30.0,6421
22:30.2,6815
22:30.4,7199
22:30.6,7588
22:30.8,7994
22:31.0,8385
22:31.2,8776
22:31.4,9185
22:31.6,9594
22:31.8,9941
22:32.0,9942
22:32.2,9942
22:32.4,9942
22:32.6,9942
22:32.8,9942
22:33.0,9942
22:33.2,9942
22:33.4,9942
22:33.6,9942
22:33.8,9942
22:34.0,9942
22:34.2,9942
22:34.4,9942
22:34.6,9942
22:34.8,9942
22:35.0,9942
22:35.2,9942
22:35.4,9942
22:35.6,9942
22:35.8,9942
22:36.0,9774
22:36.2,9354
22:36.4,8937
22:36.6,8530
22:36.8,8130
22:37.0,7722
22:37.2,7338
22:37.4,6960
22:37.6,6578
22:37.8,6183
22:38.0,5800
22:38.2,5425
22:38.4,5028
22:38.6,4630
22:38.8,4253
22:39.0,3882
22:39.2,3492
22:39.4,3104
22:39.6,2726
22:39.8,2349
22:40.0,1955
22:40.2,1567
22:40.4,1197
22:40.6,833
22:40.8,453
22:41.0,93
22:41.2,61
22:41.4,61
22:41.6,61
22:41.8,61
22:42.0,61
22:42.2,61
22:42.4,61
22:42.6,61
22:42.8,61
22:43.0,61
22:43.2,61
22:43.4,61
22:43.6,61
22:43.8,61
22:44.0,61
22:44.2,61
22:44.4,61
22:44.6,61
22:44.8,61
22:45.0,61
22:45.2,318
22:45.4,728
22:45.6,1127
22:45.8,1529
22:46.0,1941
22:46.2,2351
22:46.4,2739
22:46.6,3114
22:46.8,3503
22:47.0,3891
22:47.2,4269
22:47.4,4642
22:47.6,5040
22:47.8,5425
22:48.0,5806
22:48.2,6189
22:48.4,6589
22:48.6,6979
22:48.8,7360
22:49.0,7760
22:49.2,8157
22:49.4,8554
22:49.6,8948
22:49.8,9360
22:50.0,9770
22:50.2,9882
22:50.4,9882
22:50.6,9882
22:50.8,9882
22:51.0,9882
22:51.2,9882
22:51.4,9882
22:51.6,9882
22:51.8,9882
22:52.0,9882
22:52.2,9882
22:52.4,9882
22:52.6,9882
22:52.8,9882
22:53.0,9882
22:53.2,9882
22:53.4,9882
22:53.6,9882
22:53.8,9882
22:54.0,9882
22:54.2,9882
22:54.4,9550
22:54.6,9130
22:54.8,8716
22:55.0,8324
22:55.2,7917
22:55.4,7512
22:55.6,7133
22:55.8,6755
22:56.0,6362
22:56.2,5980
22:56.4,5589
22:56.6,5212
22:56.8,4808
22:57.0,4426
22:57.2,4048
22:57.4,3669
22:57.6,3279
22:57.8,2896
22:58.0,2527
22:58.2,2131
22:58.4,1738
22:58.6,1362
22:58.8,996
22:59.0,622
22:59.2,257
22:59.4,68
22:59.6,68
22:59.8,68
23:00.0,68
23:00.2,68
23:00.4,68
23:00.6,68
23:00.8,68
23:01.0,68
23:01.2,68
23:01.4,68
23:01.6,68
23:01.8,68
23:02.0,68
23:02.2,68
23:02.4,68
23:02.6,68
23:02.8,68
23:03.0,68
23:03.2,68
23:03.4,72
23:03.6,475
23:03.8,886
23:04.0,1284
23:04.2,1688
23:04.4,2100
23:04.6,2508
23:04.8,2890
23:05.0,3261
23:05.2,3656
23:05.4,4038
23:05.6,4409
23:05.8,4788
23:06.0,5182
23:06.2,5565
23:06.4,5942
23:06.6,6337
23:06.8,6735
23:07.0,7121
23:07.2,7500
23:07.4,7905
23:07.6,8294
23:07.8,8686
23:08.0,9093
23:08.2,9502
23:08.4,9896
23:08.6,9946
23:08.8,9946
23:09.0,9946
23:09.2,9946
23:09.4,9946
23:09.6,9946
23:09.8,9946
23:10.0,9946
23:10.2,9946
23:10.4,9946
23:10.6,9946
23:10.8,9946
23:11.0,9946
23:11.2,9946
23:11.4,9946
23:11.6,9946
23:11.8,9946
23:12.0,9946
23:12.2,9946
23:12.4,9946
23:12.6,9881
23:12.8,9470
23:13.0,9055
23:13.2,8641
23:13.4,8241
23:13.6,7838
23:13.8,7438
23:14.0,7057
23:14.2,6679
23:14.4,6285
23:14.6,5905
23:14.8,5524
23:15.0,5140
23:15.2,4744
23:15.4,4357
23:15.6,3986
23:15.8,3597
23:16.0,3208
23:16.2,2830
23:16.4,2449
23:16.6,2058
23:16.8,1669
23:17.0,1293
23:17.2,928
23:17.4,555
23:17.6,186
23:17.8,64
23:18.0,64
23:18.2,64
23:18.4,64
23:18.6,64
23:18.8,64
23:19.0,64
23:19.2,64
23:19.4,64
23:19.6,64
23:19.8,64
23:20.0,64
23:20.2,64
23:20.4,64
23:20.6,64
23:20.8,64
23:21.0,64
23:21.2,64
23:21.4,64
23:21.6,64
23:21.8,207
23:22.0,619
23:22.2,1022
23:22.4,1420
23:22.6,1826
23:22.8,2240
23:23.0,2638
23:23.2,3012
23:23.4,3396
23:23.6,3782
23:23.8,4162
23:24.0,4525
23:24.2,4917
23:24.4,5304
23:24.6,5682
23:24.8,6062
23:25.0,6462
23:25.2,6850
23:25.4,7235
23:25.6,7620
23:25.8,8025
23:26.0,8412
23:26.2,8801
23:26.4,9209
23:26.6,9614
23:26.8,9921
23:27.0,9920
23:27.2,9920
23:27.4,9920
23:27.6,9920
23:27.8,9920
23:28.0,9920
23:28.2,9920
23:28.4,9920
23:28.6,9920
23:28.8,9920
23:28.9,9920
23:29.1,9920
23:29.3,9920
23:29.5,9920
23:29.7,9920
23:29.9,9920
23:30.1,9920
23:30.3,9920
23:30.5,9920
23:30.7,9920
23:30.9,9704
23:31.1,9284
23:31.3,8874
23:31.5,8460
23:31.7,8065
23:31.9,7655
23:32.1,7270
23:32.3,6897
23:32.5,6508
23:32.7,6116
23:32.9,5732
23:33.1,5355
23:33.3,4959
23:33.5,4561
23:33.7,4186
23:33.9,3809
23:34.1,3422
23:34.3,3038
23:34.5,2662
23:34.7,2280
23:34.9,1883
23:35.1,1496
23:35.3,1138
23:35.5,766
23:35.7,389
23:35.9,38
23:36.1,31
23:36.3,31
23:36.5,31
23:36.7,31
23:36.9,31
23:37.1,31
23:37.3,31
23:37.5,31
23:37.7,31
23:37.9,31
23:38.1,31
23:38.3,31
23:38.5,31
23:38.7,31
23:38.9,31
23:39.1,31
23:39.3,31
23:39.5,31
23:39.7,31
23:39.9,31
23:40.1,326
23:40.3,720
23:40.5,1119
23:40.7,1505
23:40.9,1900
23:41.1,2305
23:41.3,2694
23:41.5,3057
23:41.7,3437
23:41.9,3817
23:42.1,4184
23:42.3,4549
23:42.5,4934
23:42.7,5317
23:42.9,5689
23:43.1,6058
23:43.3,6450
23:43.5,6830
23:43.7,7211
23:43.9,7583
23:44.1,7977
23:44.3,8364
23:44.5,8746
23:44.7,9138
23:44.9,9541
23:45.1,9929
23:45.3,9943
23:45.5,9943
23:45.7,9943
23:45.9,9943
23:46.1,9943
23:46.3,9943
23:46.5,9943
23:46.7,9943
23:46.9,9943
23:47.1,9943
23:47.3,9943
23:47.5,9943
23:47.7,9943
23:47.9,9943
23:48.1,9943
23:48.3,9943
23:48.5,9943
23:48.7,9943
23:48.9,9943
23:49.1,9943
23:49.3,9572
23:49.5,9156
23:49.7,8748
23:49.9,8345
23:50.1,7944
23:50.3,7541
23:50.5,7163
23:50.7,6787
23:50.9,6391
23:51.1,6009
23:51.3,5622
23:51.5,5242
23:51.7,4845
23:51.9,4459
23:52.1,4082
23:52.3,3706
23:52.5,3314
23:52.7,2932
23:52.9,2562
23:53.1,2165
23:53.3,1765
23:53.5,1392
23:53.7,1032
23:53.9,660
23:54.1,292
23:54.3,59
23:54.5,59
23:54.7,59
23:54.9,59
23:55.1,59
23:55.3,59
23:55.5,59
23:55.7,59
23:55.9,59
23:56.1,59
23:56.3,59
23:56.5,59
23:56.7,59
23:56.9,59
23:57.1,59
23:57.3,59
23:57.5,59
23:57.7,59
23:57.9,59
23:58.1,59
23:58.3,102
23:58.5,508
23:58.7,912
23:58.9,1309
23:59.1,1711
23:59.3,2128
23:59.5,2537
23:59.7,2917
23:59.9,3290
24:00.1,3685
24:00.3,4063
24:00.5,4428
24:00.7,4812
24:00.9,5203
24:01.1,5584
24:01.3,5959
24:01.5,6354
24:01.7,6749
24:01.9,7133
24:02.1,7516
24:02.3,7917
24:02.5,8307
24:02.7,8697
24:02.9,9103
24:03.1,9510
24:03.3,9910
24:03.5,9925
24:03.7,9925
24:03.9,9925
24:04.1,9925
24:04.3,9925
24:04.5,9925
24:04.7,9925
24:04.9,9925
24:05.1,9925
24:05.3,9925
24:05.5,9925
24:05.7,9925
24:05.9,9925
24:06.1,9925
24:06.3,9925
24:06.5,9925
24:06.7,9925
24:06.9,9925
24:07.1,9925
24:07.3,9925
24:07.5,9816
24:07.7,9401
24:07.9,8982
24:08.1,8573
24:08.3,8169
24:08.5,7762
24:08.7,7375
24:08.9,6997
24:09.1,6614
24:09.3,6216
24:09.5,5834
24:09.7,5453
24:09.9,5059
24:10.1,4666
24:10.3,4283
24:10.5,3906
24:10.7,3512
24:10.9,3123
24:11.1,2746
24:11.3,2373
24:11.5,1979
24:11.7,1591
24:11.9,1221
24:12.1,854
24:12.3,473
24:12.5,118
24:12.7,22
24:12.9,22
24:13.1,22
24:13.3,22
24:13.5,22
24:13.7,22
24:13.9,22
24:14.1,22
24:14.3,22
24:14.5,22
24:14.7,22
24:14.9,22
24:15.1,22
24:15.3,22
24:15.5,22
24:15.7,22
24:15.9,22
24:16.1,22
24:16.3,22
24:16.5,22
24:16.7,55
24:16.9,466
24:17.1,871
24:17.3,1274
24:17.5,1672
24:17.7,2091
24:17.9,2497
24:18.1,2881
24:18.3,3256
24:18.5,3646
24:18.7,4025
24:18.9,4396
24:19.1,4777
24:19.3,5168
24:19.5,5552
24:19.7,5925
24:19.9,6321
24:20.1,6716
24:20.3,7102
24:20.5,7483
24:20.7,7885
24:20.9,8274
24:21.1,8666
24:21.3,9064
24:21.5,9479
24:21.7,9874
24:21.9,9984
24:22.1,9984
24:22.3,9984
24:22.5,9984
24:22.7,9984
24:22.9,9984
24:23.1,9984
24:23.3,9984
24:23.5,9984
24:23.7,9984
24:23.9,9984
24:24.1,9984
24:24.3,9984
24:24.5,9984
24:24.7,9984
24:24.9,9984
24:25.1,9984
24:25.3,9984
24:25.5,9984
24:25.7,9984
24:25.9,9878
24:26.1,9466
24:26.3,9048
24:26.5,8637
24:26.7,8239
24:26.9,7832
24:27.1,7444
24:27.3,7057
24:27.5,6678
24:27.7,6290
24:27.9,5903
24:28.1,5521
24:28.3,5134
24:28.5,4736
24:28.7,4353
24:28.9,3981
24:29.1,3592
24:29.3,3201
24:29.5,2821
24:29.7,2443
24:29.9,2046
24:30.1,1664
24:30.3,1280
24:30.5,918
24:30.7,539
24:30.9,188
24:31.1,86
24:31.3,86
24:31.5,86
24:31.7,86
24:31.9,86
24:32.1,86
24:32.3,86
24:32.5,86
24:32.7,86
24:32.9,86
24:33.1,86
24:33.3,86
24:33.5,86
24:33.7,86
24:33.9,86
24:34.1,86
24:34.3,86
24:34.5,86
24:34.7,86
24:34.9,86
24:35.1,273
24:35.3,682
24:35.5,1080
24:35.7,1480
24:35.9,1888
24:36.1,2310
24:36.3,2702
24:36.5,3073
24:36.7,3462
24:36.9,3846
24:37.1,4223
24:37.3,4592
24:37.5,4984
24:37.7,5370
24:37.9,5753
24:38.1,6133
24:38.3,6536
24:38.5,6924
24:38.7,7304
24:38.9,7697
24:39.0,8100
24:39.2,8492
24:39.4,8878
24:39.6,9289
24:39.8,9692
24:40.0,9957
24:40.2,9957
24:40.4,9957
24:40.6,9957
24:40.8,9957
24:41.0,9957
24:41.2,9957
24:41.4,9957
24:41.6,9957
24:41.8,9957
24:42.0,9957
24:42.2,9957
24:42.4,9957
24:42.6,9957
24:42.8,9957
24:43.0,9957
24:43.2,9957
24:43.4,9957
24:43.6,9957
24:43.8,9957
24:44.0,9957
24:44.2,9702
24:44.4,9286
24:44.6,8873
24:44.8,8460
24:45.0,8064
24:45.2,7653
24:45.4,7268
24:45.6,6898
24:45.8,6508
24:46.0,6114
24:46.2,5734
24:46.4,5353
24:46.6,4956
24:46.8,4568
24:47.0,4181
24:47.2,3804
24:47.4,3412
24:47.6,3033
24:47.8,2658
24:48.0,2274
24:48.2,1874
24:48.4,1493
24:48.6,1131
24:48.8,762
24:49.0,390
24:49.2,68
24:49.4,68
24:49.6,68
24:49.8,68
24:50.0,68
24:50.2,68
24:50.4,68
24:50.6,68
24:50.8,68
24:51.0,68
24:51.2,68
24:51.4,68
24:51.6,68
24:51.8,68
24:52.0,68
24:52.2,68
24:52.4,68
24:52.6,68
24:52.8,68
24:53.0,68
24:53.2,68
24:53.4,410
24:53.6,819
24:53.8,1216
24:54.0,1615
24:54.2,2027
24:54.4,2445
24:54.6,2830
24:54.8,3199
24:55.0,3591
24:55.2,3971
24:55.4,4349
24:55.6,4716
24:55.8,5115
24:56.0,5497
24:56.2,5880
24:56.4,6263
24:56.6,6665
24:56.8,7054
24:57.0,7432
24:57.2,7833
24:57.4,8227
24:57.6,8616
24:57.8,9016
24:58.0,9426
24:58.2,9824
24:58.4,9947
24:58.6,9947
24:58.8,9947
24:59.0,9947
24:59.2,9947
24:59.4,9947
24:59.6,9947
24:59.8,9947
25:00.0,9947
25:00.2,9947
25:00.4,9947
25:00.6,9947
25:00.8,9947
25:01.0,9947
25:01.2,9947
25:01.4,9947
25:01.6,9947
25:01.8,9947
25:02.0,9947
25:02.2,9947
25:02.4,9937
25:02.6,9537
25:02.8,9116
25:03.0,8705
25:03.2,8308
25:03.4,7898
25:03.6,7497
25:03.8,7120
25:04.0,6737
25:04.2,6349
25:04.4,5967
25:04.6,5581
25:04.8,5202
25:05.0,4804
25:05.2,4417
25:05.4,4042
25:05.6,3657
25:05.8,3260
25:06.0,2881
25:06.2,2517
25:06.4,2121
25:06.6,1726
25:06.8,1345
25:07.0,987
25:07.2,616
25:07.4,252
25:07.6,32
25:07.8,36
25:08.0,36
25:08.2,36
25:08.4,36
25:08.6,36
25:08.8,36
25:09.0,36
25:09.2,36
25:09.4,36
25:09.6,36
25:09.8,36
25:10.0,36
25:10.2,36
25:10.4,36
25:10.6,36
25:10.8,36
25:11.0,36
25:11.2,36
25:11.4,36
25:11.6,117
25:11.8,533
25:12.0,933
25:12.2,1331
25:12.4,1731
25:12.6,2151
25:12.8,2558
25:13.0,2933
25:13.2,3316
25:13.4,3704
25:13.6,4081
25:13.8,4452
25:14.0,4834
25:14.2,5225
25:14.4,5609
25:14.6,5984
25:14.8,6384
25:15.0,6777
25:15.2,7160
25:15.4,7541
25:15.6,7947
25:15.8,8340
25:16.0,8727
25:16.2,9128
25:16.4,9537
25:16.6,9909
25:16.8,9910
25:17.0,9910
25:17.2,9910
25:17.4,9910
25:17.6,9910
25:17.8,9910
25:18.0,9910
25:18.2,9910
25:18.4,9910
25:18.6,9910
25:18.8,9910
25:19.0,9910
25:19.2,9910
25:19.4,9910
25:19.6,9910
25:19.8,9910
25:20.0,9910
25:20.2,9910
25:20.4,9910
25:20.6,9910
25:20.8,9751
25:21.0,9332
25:21.2,8919
25:21.4,8520
25:21.6,8126
25:21.8,7724
25:22.0,7344
25:22.2,6967
25:22.4,6589
25:22.6,6189
25:22.8,5812
25:23.0,5436
25:23.2,5046
25:23.4,4650
25:23.6,4275
25:23.8,3906
25:24.0,3520
25:24.2,3136
25:24.4,2757
25:24.6,2383
25:24.8,1991
25:25.0,1609
25:25.2,1238
25:25.4,884
25:25.6,501
25:25.8,151
25:26.0,67
25:26.2,67
25:26.4,67
25:26.6,67
25:26.8,67
25:27.0,67
25:27.2,67
25:27.4,67
25:27.6,67
25:27.8,67
25:28.0,67
25:28.2,67
25:28.4,67
25:28.6,67
25:28.8,67
25:29.0,67
25:29.2,67
25:29.4,67
25:29.6,67
25:29.8,67
25:30.0,310
25:30.2,707
25:30.4,1099
25:30.6,1488
25:30.8,1890
25:31.0,2294
25:31.2,2681
25:31.4,3048
25:31.6,3430
25:31.8,3808
25:32.0,4177
25:32.2,4544
25:32.4,4929
25:32.6,5314
25:32.8,5681
25:33.0,6053
25:33.2,6448
25:33.4,6832
25:33.6,7209
25:33.8,7592
25:34.0,7978
25:34.2,8369
25:34.4,8745
25:34.6,9138
25:34.8,9540
25:35.0,9914
25:35.2,9916
25:35.4,9916
25:35.6,9916
25:35.8,9916
25:36.0,9916
25:36.2,9916
25:36.4,9916
25:36.6,9916
25:36.8,9916
25:37.0,9916
25:37.2,9916
25:37.4,9916
25:37.6,9916
25:37.8,9916
25:38.0,9916
25:38.2,9916
25:38.4,9916
25:38.6,9916
25:38.8,9916
25:39.0,9916
25:39.2,9592
25:39.4,9176
25:39.6,8763
25:39.8,8360
25:40.0,7959
25:40.2,7552
25:40.4,7173
25:40.6,6794
25:40.8,6404
25:41.0,6016
25:41.2,5630
25:41.4,5246
25:41.6,4855
25:41.8,4466
25:42.0,4087
25:42.2,3710
25:42.4,3316
25:42.6,2931
25:42.8,2560
25:43.0,2170
25:43.2,1773
25:43.4,1395
25:43.6,1034
25:43.8,658
25:44.0,284
25:44.2,97
25:44.4,96
25:44.6,96
25:44.8,96
25:45.0,96
25:45.2,96
25:45.4,96
25:45.6,96
25:45.8,96
25:46.0,96
25:46.2,96
25:46.4,96
25:46.6,96
25:46.8,96
25:47.0,96
25:47.2,96
25:47.4,96
25:47.6,96
25:47.8,96
25:48.0,96
25:48.2,96
25:48.4,492
25:48.6,902
25:48.8,1299
25:49.0,1700
25:49.2,2117
25:49.4,2528
25:49.6,2905
25:49.8,3282
25:50.0,3676
25:50.2,4057
25:50.4,4424
25:50.6,4813
25:50.8,5201
25:51.0,5582
25:51.2,5962
25:51.4,6353
25:51.6,6747
25:51.8,7132
25:52.0,7517
25:52.2,7919
25:52.4,8310
25:52.6,8703
25:52.8,9101
25:53.0,9511
25:53.2,9910
25:53.4,9962
25:53.6,9962
25:53.8,9962
25:54.0,9962
25:54.2,9962
25:54.4,9962
25:54.6,9962
25:54.8,9962
25:55.0,9962
25:55.2,9962
25:55.4,9962
25:55.6,9962
25:55.8,9962
25:56.0,9962
25:56.2,9962
25:56.4,9962
25:56.6,9962
25:56.8,9962
25:57.0,9962
25:57.2,9962
25:57.4,9898
25:57.6,9488
25:57.8,9072
25:57.9,8660
25:58.1,8262
25:58.3,7854
25:58.5,7459
25:58.7,7074
25:58.9,6699
25:59.1,6302
25:59.3,5923
25:59.5,5541
25:59.7,5157
25:59.9,4759
26:00.1,4370
26:00.3,4003
26:00.5,3612
26:00.7,3224
26:00.9,2848
26:01.1,2470
26:01.3,2082
26:01.5,1685
26:01.7,1310
26:01.9,952
26:02.1,574
26:02.3,205
26:02.5,48
26:02.7,48
26:02.9,48
26:03.1,48
26:03.3,48
26:03.5,48
26:03.7,48
26:03.9,48
26:04.1,48
26:04.3,48
26:04.5,48
26:04.7,48
26:04.9,48
26:05.1,48
26:05.3,48
26:05.5,48
26:05.7,48
26:05.9,48
26:06.1,48
26:06.3,48
26:06.5,198
26:06.7,601
26:06.9,1003
26:07.1,1405
26:07.3,1805
26:07.5,2227
26:07.7,2628
26:07.9,3000
26:08.1,3382
26:08.3,3772
26:08.5,4152
26:08.7,4520
26:08.9,4911
26:09.1,5298
26:09.3,5680
26:09.5,6056
26:09.7,6456
26:09.9,6853
26:10.1,7232
26:10.3,7620
26:10.5,8020
26:10.7,8412
26:10.9,8798
26:11.1,9204
26:11.3,9610
26:11.5,9916
26:11.7,9916
26:11.9,9916
26:12.1,9916
26:12.3,9916
26:12.5,9916
26:12.7,9916
26:12.9,9916
26:13.1,9916
26:13.3,9916
26:13.5,9916
26:13.7,9916
26:13.9,9916
26:14.1,9916
26:14.3,9916
26:14.5,9916
26:14.7,9916
26:14.9,9916
26:15.1,9916
26:15.3,9916
26:15.5,9916
26:15.7,9693
26:15.9,9279
26:16.1,8871
26:16.3,8469
26:16.5,8082
26:16.7,7674
26:16.9,7297
26:17.1,6932
26:17.3,6556
26:17.5,6161
26:17.7,5783
26:17.9,5405
26:18.1,5012
26:18.3,4623
26:18.5,4242
26:18.7,3868
26:18.9,3482
26:19.1,3092
26:19.3,2720
26:19.5,2344
26:19.7,1949
26:19.9,1569
26:20.1,1204
26:20.3,845
26:20.5,469
26:20.7,120
26:20.9,37
26:21.1,37
26:21.3,37
26:21.5,37
26:21.7,37
26:21.9,37
26:22.1,37
26:22.3,37
26:22.5,37
26:22.7,37
26:22.9,37
26:23.1,37
26:23.3,37
26:23.5,37
26:23.7,37
26:23.9,37
26:24.1,37
26:24.3,37
26:24.5,37
26:24.7,37
26:24.9,339
26:25.1,744
26:25.3,1152
26:25.5,1548
26:25.7,1960
26:25.9,2369
26:26.1,2760
26:26.3,3130
26:26.5,3522
26:26.7,3903
26:26.9,4276
26:27.1,4655
26:27.3,5048
26:27.5,5434
26:27.7,5814
26:27.9,6196
26:28.1,6599
26:28.3,6988
26:28.5,7367
26:28.7,7764
26:28.9,8159
26:29.1,8553
26:29.3,8944
26:29.5,9358
26:29.7,9758
26:29.9,9916
26:30.1,9916
26:30.3,9916
26:30.5,9916
26:30.7,9916
26:30.9,9916
26:31.1,9916
26:31.3,9916
26:31.5,9916
26:31.7,9916
26:31.9,9916
26:32.1,9916
26:32.3,9916
26:32.5,9916
26:32.7,9916
26:32.9,9916
26:33.1,9916
26:33.3,9916
26:33.5,9916
26:33.7,9916
26:33.9,9916
26:34.1,9532
26:34.3,9114
26:34.5,8701
26:34.7,8310
26:34.9,7902
26:35.1,7499
26:35.3,7116
26:35.5,6737
26:35.7,6346
26:35.9,5960
26:36.1,5583
26:36.3,5202
26:36.5,4804
26:36.7,4421
26:36.9,4049
26:37.1,3666
26:37.3,3274
26:37.5,2892
26:37.7,2525
26:37.9,2134
26:38.1,1735
26:38.3,1358
26:38.5,995
26:38.7,622
26:38.9,258
26:39.1,33
26:39.3,34
26:39.5,34
26:39.7,34
26:39.9,34
26:40.1,34
26:40.3,34
26:40.5,34
26:40.7,34
26:40.9,34
26:41.1,34
26:41.3,34
26:41.5,34
26:41.7,34
26:41.9,34
26:42.1,34
26:42.3,34
26:42.5,34
26:42.7,34
26:42.9,34
26:43.1,86
26:43.3,495
26:43.5,905
26:43.7,1302
26:43.9,1700
26:44.1,2122
26:44.3,2523
26:44.5,2906
26:44.7,3280
26:44.9,3675
26:45.1,4052
26:45.3,4422
26:45.5,4805
26:45.7,5196
26:45.9,5582
26:46.1,5956
26:46.3,6352
26:46.5,6746
26:46.7,7133
26:46.9,7516
26:47.1,7919
26:47.3,8310
26:47.5,8704
26:47.7,9108
26:47.9,9512
26:48.1,9904
26:48.3,9910
26:48.5,9910
26:48.7,9910
26:48.9,9910
26:49.1,9910
26:49.3,9910
26:49.5,9910
26:49.7,9910
26:49.9,9910
26:50.1,9910
26:50.3,9910
26:50.5,9910
26:50.7,9910
26:50.9,9910
26:51.1,9910
26:51.3,9910
26:51.5,9910
26:51.7,9910
26:51.9,9910
26:52.1,9910
26:52.3,9784
26:52.5,9370
26:52.7,8953
26:52.9,8546
26:53.1,8142
26:53.3,7731
26:53.5,7342
26:53.7,6964
26:53.9,6585
26:54.1,6183
26:54.3,5805
26:54.5,5429
26:54.7,5029
26:54.9,4641
26:55.1,4260
26:55.3,3881
26:55.5,3498
26:55.7,3111
26:55.9,2728
26:56.1,2351
26:56.3,1959
26:56.5,1570
26:56.7,1202
26:56.9,840
26:57.1,467
26:57.3,110
26:57.5,-6
26:57.7,-6
26:57.9,-6
26:58.1,-6
26:58.3,-6
26:58.5,-6
26:58.7,-6
26:58.9,-6
26:59.1,-6
26:59.3,-6
26:59.5,-6
26:59.7,-6
26:59.9,-6
27:00.1,-6
27:00.3,-6
27:00.5,-6
27:00.7,-6
27:00.9,-6
27:01.1,-6
27:01.3,-6
27:01.5,58
27:01.7,467
27:01.9,868
27:02.1,1272
27:02.3,1666
27:02.5,2087
27:02.7,2488
27:02.9,2875
27:03.1,3248
27:03.3,3644
27:03.5,4023
27:03.7,4398
27:03.9,4772
27:04.1,5166
27:04.3,5550
27:04.5,5932
27:04.7,6322
27:04.9,6719
27:05.1,7106
27:05.3,7488
27:05.5,7889
27:05.7,8281
27:05.9,8674
27:06.1,9071
27:06.3,9485
27:06.5,9877
27:06.7,9882
27:06.9,9882
27:07.1,9882
27:07.3,9882
27:07.5,9882
27:07.7,9882
27:07.9,9882
27:08.1,9882
27:08.3,9882
27:08.5,9882
27:08.7,9882
27:08.9,9882
27:09.1,9882
27:09.3,9882
27:09.5,9882
27:09.7,9882
27:09.9,9882
27:10.1,9882
27:10.3,9882
27:10.5,9882
27:10.7,9754
27:10.9,9336
27:11.1,8923
27:11.3,8514
27:11.5,8115
27:11.7,7706
27:11.9,7317
27:12.1,6943
27:12.3,6567
27:12.5,6173
27:12.7,5790
27:12.9,5418
27:13.1,5024
27:13.3,4633
27:13.5,4258
27:13.7,3883
27:13.9,3502
27:14.1,3110
27:14.3,2737
27:14.5,2366
27:14.7,1965
27:14.9,1584
27:15.1,1216
27:15.3,859
27:15.5,483
27:15.7,130
27:15.9,48
27:16.1,48
27:16.3,48
27:16.5,48
27:16.7,48
27:16.9,48
27:17.1,48
27:17.3,48
27:17.5,48
27:17.6,48
27:17.8,48
27:18.0,48
27:18.2,48
27:18.4,48
27:18.6,48
27:18.8,48
27:19.0,48
27:19.2,48
27:19.4,48
27:19.6,48
27:19.8,257
27:20.0,651
27:20.2,1048
27:20.4,1436
27:20.6,1832
27:20.8,2243
27:21.0,2637
27:21.2,3002
27:21.4,3382
27:21.6,3764
27:21.8,4140
27:22.0,4501
27:22.2,4886
27:22.4,5266
27:22.6,5642
27:22.8,6016
27:23.0,6407
27:23.2,6801
27:23.4,7179
27:23.6,7548
27:23.8,7943
27:24.0,8330
27:24.2,8719
27:24.4,9108
27:24.6,9508
27:24.8,9758
27:25.0,9759
27:25.2,9759
27:25.4,9759
27:25.6,9759
27:25.8,9759
27:26.0,9759
27:26.2,9759
27:26.4,9759
27:26.6,9759
27:26.8,9759
27:27.0,9759
27:27.2,9759
27:27.4,9759
27:27.6,9759
27:27.8,9759
27:28.0,9759
27:28.2,9759
27:28.4,9759
27:28.6,9759
27:28.8,9759
27:29.0,9467
27:29.2,9050
27:29.4,8640
27:29.6,8244
27:29.8,7830
27:30.0,7436
27:30.2,7053
27:30.4,6672
27:30.6,6283
27:30.8,5898
27:31.0,5519
27:31.2,5132
27:31.4,4737
27:31.6,4350
27:31.8,3985
27:32.0,3599
27:32.2,3209
27:32.4,2828
27:32.6,2449
27:32.8,2062
27:33.0,1672
27:33.2,1291
27:33.4,932
27:33.6,560
27:33.8,202
27:34.0,-119
27:34.2,-104
27:34.4,-104
27:34.6,-104
27:34.8,-104
27:35.0,-104
27:35.2,-104
27:35.4,-104
27:35.6,-104
27:35.8,-104
27:36.0,-104
27:36.2,-104
27:36.4,-104
27:36.6,-104
27:36.8,-104
27:37.0,-104
27:37.2,-104
27:37.4,-104
27:37.6,-104
27:37.8,-104
27:38.0,-104
27:38.2,254
27:38.4,650
27:38.6,1056
27:38.8,1456
27:39.0,1855
27:39.2,2276
27:39.4,2665
27:39.6,3036
27:39.8,3420
27:40.0,3809
27:40.2,4185
27:40.4,4554
27:40.6,4946
27:40.8,5333
27:41.0,5714
27:41.2,6096
27:41.4,6496
27:41.6,6886
27:41.8,7268
27:42.0,7656
27:42.2,8061
27:42.4,8452
27:42.6,8842
27:42.8,9250
27:43.0,9651
27:43.2,9757
27:43.4,9757
27:43.6,9757
27:43.8,9757
27:44.0,9757
27:44.2,9757
27:44.4,9757
27:44.6,9757
27:44.8,9757
27:45.0,9757
27:45.2,9757
27:45.4,9757
27:45.6,9757
27:45.8,9757
27:46.0,9757
27:46.2,9757
27:46.4,9757
27:46.6,9757
27:46.8,9757
27:47.0,9757
27:47.2,9757
27:47.4,9466
27:47.6,9053
27:47.8,8644
27:48.0,8243
27:48.2,7836
27:48.4,7433
27:48.6,7055
27:48.8,6679
27:49.0,6287
27:49.2,5904
27:49.4,5524
27:49.6,5138
27:49.8,4740
27:50.0,4352
27:50.2,3989
27:50.4,3601
27:50.6,3211
27:50.8,2832
27:51.0,2451
27:51.2,2062
27:51.4,1671
27:51.6,1293
27:51.8,935
27:52.0,558
27:52.2,193
27:52.4,-102
27:52.6,-100
27:52.8,-100
27:53.0,-100
27:53.2,-100
27:53.4,-100
27:53.6,-100
27:53.8,-100
27:54.0,-100
27:54.2,-100
27:54.4,-100
27:54.6,-100
27:54.8,-100
27:55.0,-100
27:55.2,-100
27:55.4,-100
27:55.6,-100
27:55.8,-100
27:56.0,-100
27:56.2,-100
27:56.4,-100
27:56.6,260
27:56.8,665
27:57.0,1068
27:57.2,1467
27:57.4,1877
27:57.6,2288
27:57.8,2680
27:58.0,3052
27:58.2,3435
27:58.4,3821
27:58.6,4197
27:58.8,4566
27:59.0,4959
27:59.2,5350
27:59.4,5731
27:59.6,6108
27:59.8,6510
28:00.0,6901
28:00.2,7278
28:00.4,7670
28:00.6,8066
28:00.8,8458
28:01.0,8846
28:01.2,9251
28:01.4,9655
28:01.6,9762
28:01.8,9762
28:02.0,9762
28:02.2,9762
28:02.4,9762
28:02.6,9762
28:02.8,9762
28:03.0,9762
28:03.2,9762
28:03.4,9762
28:03.6,9762
28:03.8,9762
28:04.0,9762
28:04.2,9762
28:04.4,9762
28:04.6,9762
28:04.8,9762
28:05.0,9762
28:05.2,9762
28:05.4,9762
28:05.6,9736
28:05.8,9318
28:06.0,8916
28:06.2,8514
28:06.4,8120
28:06.6,7714
28:06.8,7332
28:07.0,6962
28:07.2,6592
28:07.4,6200
28:07.6,5830
28:07.8,5460
28:08.0,5076
28:08.2,4688
28:08.4,4315
28:08.6,3951
28:08.8,3568
28:09.0,3186
28:09.2,2812
28:09.4,2439
28:09.6,2057
28:09.8,1676
28:10.0,1301
28:10.2,947
28:10.4,575
28:10.6,211
28:10.8,-120
28:11.0,-120
28:11.2,-120
28:11.4,-120
28:11.6,-120
28:11.8,-120
28:12.0,-120
28:12.2,-120
28:12.4,-120
28:12.6,-120
28:12.8,-120
28:13.0,-120
28:13.2,-120
28:13.4,-120
28:13.6,-120
28:13.8,-120
28:14.0,-120
28:14.2,-120
28:14.4,-120
28:14.6,-120
28:14.8,-24
28:15.0,374
28:15.2,771
28:15.4,1161
28:15.6,1554
28:15.8,1950
28:16.0,2347
28:16.2,2731
28:16.4,3092
28:16.6,3474
28:16.8,3857
28:17.0,4223
28:17.2,4588
28:17.4,4973
28:17.6,5356
28:17.8,5731
28:18.0,6099
28:18.2,6494
28:18.4,6878
28:18.6,7251
28:18.8,7628
28:19.0,8023
28:19.2,8408
28:19.4,8789
28:19.6,9183
28:19.8,9577
28:20.0,9789
28:20.2,9790
28:20.4,9790
28:20.6,9790
28:20.8,9790
28:21.0,9790
28:21.2,9790
28:21.4,9790
28:21.6,9790
28:21.8,9790
28:22.0,9790
28:22.2,9790
28:22.4,9790
28:22.6,9790
28:22.8,9790
28:23.0,9790
28:23.2,9790
28:23.4,9790
28:23.6,9790
28:23.8,9790
28:24.0,9602
28:24.2,9186
28:24.4,8783
28:24.6,8379
28:24.8,7973
28:25.0,7565
28:25.2,7178
28:25.4,6807
28:25.6,6416
28:25.8,6032
28:26.0,5650
28:26.2,5272
28:26.4,4872
28:26.6,4484
28:26.8,4108
28:27.0,3727
28:27.2,3334
28:27.4,2948
28:27.6,2580
28:27.8,2188
28:28.0,1790
28:28.2,1412
28:28.4,1051
28:28.6,675
28:28.8,307
28:29.0,-46
28:29.2,-87
28:29.4,-87
28:29.6,-87
28:29.8,-87
28:30.0,-87
28:30.2,-87
28:30.4,-87
28:30.6,-87
28:30.8,-87
28:31.0,-87
28:31.2,-87
28:31.4,-87
28:31.6,-87
28:31.8,-87
28:32.0,-87
28:32.1,-87
28:32.3,-87
28:32.5,-87
28:32.7,-87
28:32.9,-87
28:33.1,170
28:33.3,571
28:33.5,976
28:33.7,1375
28:33.9,1775
28:34.1,2197
28:34.3,2591
28:34.5,2970
28:34.7,3346
28:34.9,3738
28:35.1,4117
28:35.3,4489
28:35.5,4870
28:35.7,5261
28:35.9,5642
28:36.1,6021
28:36.3,6420
28:36.5,6816
28:36.7,7198
28:36.9,7582
28:37.1,7981
28:37.3,8377
28:37.5,8765
28:37.7,9167
28:37.9,9573
28:38.1,9775
28:38.3,9775
28:38.5,9775
28:38.7,9775
28:38.9,9775
28:39.1,9775
28:39.3,9775
28:39.5,9775
28:39.7,9775
28:39.9,9775
28:40.1,9775
28:40.3,9775
28:40.5,9775
28:40.7,9775
28:40.9,9775
28:41.1,9775
28:41.3,9775
28:41.5,9775
28:41.7,9775
28:41.9,9775
28:42.1,9775
28:42.3,9429
28:42.5,9014
28:42.7,8608
28:42.9,8201
28:43.1,7793
28:43.3,7390
28:43.5,7013
28:43.7,6640
28:43.9,6243
28:44.1,5858
28:44.3,5482
28:44.5,5090
28:44.7,4688
28:44.9,4312
28:45.1,3943
28:45.3,3551
28:45.5,3159
28:45.7,2784
28:45.9,2407
28:46.1,2008
28:46.3,1618
28:46.5,1249
28:46.7,885
28:46.9,508
28:47.1,145
28:47.3,-104
28:47.5,-104
28:47.7,-104
28:47.9,-104
28:48.1,-104
28:48.3,-104
28:48.5,-104
28:48.7,-104
28:48.9,-104
28:49.1,-104
28:49.3,-104
28:49.5,-104
28:49.7,-104
28:49.9,-104
28:50.1,-104
28:50.3,-104
28:50.5,-104
28:50.7,-104
28:50.9,-104
28:51.1,-104
28:51.3,-95
28:51.5,313
28:51.7,713
28:51.9,1118
28:52.1,1517
28:52.3,1924
28:52.5,2339
28:52.7,2728
28:52.9,3095
28:53.1,3482
28:53.3,3865
28:53.5,4243
28:53.7,4613
28:53.9,5006
28:54.1,5394
28:54.3,5777
28:54.5,6165
28:54.7,6559
28:54.9,6948
28:55.1,7328
28:55.3,7718
28:55.5,8116
28:55.7,8509
28:55.9,8897
28:56.1,9310
28:56.3,9709
28:56.5,9846
28:56.7,9847
28:56.9,9847
28:57.1,9847
28:57.3,9847
28:57.5,9847
28:57.7,9847
28:57.9,9847
28:58.1,9847
28:58.3,9847
28:58.5,9847
28:58.7,9847
28:58.9,9847
28:59.1,9847
28:59.3,9847
28:59.5,9847
28:59.7,9847
28:59.9,9847
29:00.1,9847
29:00.3,9847
29:00.5,9770
29:00.7,9352
29:00.9,8938
29:01.1,8536
29:01.3,8132
29:01.5,7717
29:01.7,7335
29:01.9,6957
29:02.1,6578
29:02.3,6186
29:02.5,5806
29:02.7,5432
29:02.9,5037
29:03.1,4647
29:03.3,4268
29:03.5,3889
29:03.7,3502
29:03.9,3123
29:04.1,2740
29:04.3,2363
29:04.5,1970
29:04.7,1587
29:04.9,1220
29:05.1,859
29:05.3,484
29:05.5,124
29:05.7,-88
29:05.9,-76
29:06.1,-76
29:06.3,-76
29:06.5,-76
29:06.7,-76
29:06.9,-76
29:07.1,-76
29:07.3,-76
29:07.5,-76
29:07.7,-76
29:07.9,-76
29:08.1,-76
29:08.3,-76
29:08.5,-76
29:08.7,-76
29:08.9,-76
29:09.1,-76
29:09.3,-76
29:09.5,-76
29:09.7,82
29:09.9,488
29:10.1,893
29:10.3,1295
29:10.5,1689
29:10.7,2106
29:10.9,2506
29:11.1,2887
29:11.3,3259
29:11.5,3651
29:11.7,4033
29:11.9,4408
29:12.1,4784
29:12.3,5175
29:12.5,5560
29:12.7,5934
29:12.9,6330
29:13.1,6723
29:13.3,7112
29:13.5,7492
29:13.7,7896
29:13.9,8284
29:14.1,8680
29:14.3,9075
29:14.5,9488
29:14.7,9782
29:14.9,9782
29:15.1,9782
29:15.3,9782
29:15.5,9782
29:15.7,9782
29:15.9,9782
29:16.1,9782
29:16.3,9782
29:16.5,9782
29:16.7,9782
29:16.9,9782
29:17.1,9782
29:17.3,9782
29:17.5,9782
29:17.7,9782
29:17.9,9782
29:18.1,9782
29:18.3,9782
29:18.5,9782
29:18.7,9782
29:18.9,9533
29:19.1,9121
29:19.3,8705
29:19.5,8313
29:19.7,7904
29:19.9,7499
29:20.1,7117
29:20.3,6740
29:20.5,6345
29:20.7,5962
29:20.9,5579
29:21.1,5198
29:21.3,4798
29:21.5,4404
29:21.7,4037
29:21.9,3649
29:22.1,3257
29:22.3,2878
29:22.5,2507
29:22.7,2110
29:22.9,1716
29:23.1,1334
29:23.3,977
29:23.5,605
29:23.7,230
29:23.9,-97
29:24.1,-98
29:24.3,-98
29:24.5,-98
29:24.7,-98
29:24.9,-98
29:25.1,-98
29:25.3,-98
29:25.5,-98
29:25.7,-98
29:25.9,-98
29:26.1,-98
29:26.3,-98
29:26.5,-98
29:26.7,-98
29:26.9,-98
29:27.1,-98
29:27.3,-98
29:27.5,-98
29:27.7,-98
29:27.9,-98
29:28.1,222
29:28.3,625
29:28.5,1036
29:28.7,1434
29:28.9,1834
29:29.1,2258
29:29.3,2647
29:29.5,3020
29:29.7,3407
29:29.9,3795
29:30.1,4172
29:30.3,4538
29:30.5,4929
29:30.7,5321
29:30.9,5702
29:31.1,6078
29:31.3,6479
29:31.5,6870
29:31.7,7256
29:31.9,7641
29:32.1,8040
29:32.3,8434
29:32.5,8823
29:32.7,9234
29:32.9,9632
29:33.1,9854
29:33.3,9855
29:33.5,9855
29:33.7,9855
29:33.9,9855
29:34.1,9855
29:34.3,9855
29:34.5,9855
29:34.7,9855
29:34.9,9855
29:35.1,9855
29:35.3,9855
29:35.5,9855
29:35.7,9855
29:35.9,9855
29:36.1,9855
29:36.3,9855
29:36.5,9855
29:36.7,9855
29:36.9,9855
29:37.1,9856
29:37.3,9458
29:37.5,9039
29:37.7,8636
29:37.9,8235
29:38.1,7823
29:38.3,7426
29:38.5,7039
29:38.7,6665
29:38.9,6272
29:39.1,5884
29:39.3,5506
29:39.5,5120
29:39.7,4724
29:39.9,4339
29:40.1,3974
29:40.3,3580
29:40.5,3189
29:40.7,2812
29:40.9,2434
29:41.1,2041
29:41.3,1651
29:41.5,1272
29:41.7,912
29:41.9,539
29:42.1,182
29:42.3,-92
29:42.5,-92
29:42.7,-92
29:42.9,-92
29:43.1,-92
29:43.3,-92
29:43.5,-92
29:43.7,-92
29:43.9,-92
29:44.1,-92
29:44.3,-92
29:44.5,-92
29:44.7,-92
29:44.9,-92
29:45.1,-92
29:45.3,-92
29:45.5,-92
29:45.7,-92
29:45.9,-92
29:46.1,-92
29:46.3,-23
29:46.5,387
29:46.7,793
29:46.9,1194
29:47.1,1591
29:47.3,2004
29:47.5,2411
29:47.7,2797
29:47.9,3168
29:48.1,3561
29:48.3,3944
29:48.5,4320
29:48.7,4691
29:48.9,5086
29:49.1,5472
29:49.3,5850
29:49.5,6238
29:49.7,6637
29:49.9,7024
29:50.1,7402
29:50.3,7804
29:50.5,8202
29:50.7,8586
29:50.9,8984
29:51.1,9398
29:51.2,9783
29:51.4,9786
29:51.6,9786
29:51.8,9786
29:52.0,9786
29:52.2,9786
29:52.4,9786
29:52.6,9786
29:52.8,9786
29:53.0,9786
29:53.2,9786
29:53.4,9786
29:53.6,9786
29:53.8,9786
29:54.0,9786
29:54.2,9786
29:54.4,9786
29:54.6,9786
29:54.8,9786
29:55.0,9786
29:55.2,9786
29:55.4,9634
29:55.6,9218
29:55.8,8814
29:56.0,8418
29:56.2,8024
29:56.4,7614
29:56.6,7235
29:56.8,6865
29:57.0,6474
29:57.2,6088
29:57.4,5709
29:57.6,5325
29:57.8,4938
29:58.0,4541
29:58.2,4169
29:58.4,3794
29:58.6,3409
29:58.8,3025
29:59.0,2653
29:59.2,2272
29:59.4,1874
29:59.6,1489
29:59.8,1133
30:00.0,764
30:00.2,391
30:00.4,36
30:00.6,-44
30:00.8,-44
30:01.0,-44
30:01.2,-44
30:01.4,-44
30:01.6,-44
30:01.8,-44
30:02.0,-44
30:02.2,-44
30:02.4,-44
30:02.6,-44
30:02.8,-44
30:03.0,-44
30:03.2,-44
30:03.4,-44
30:03.6,-44
30:03.8,-44
30:04.0,-44
30:04.2,-44
30:04.4,-44
30:04.6,181
30:04.8,589
30:05.0,995
30:05.2,1393
30:05.4,1800
30:05.6,2210
30:05.8,2611
30:06.0,2983
30:06.2,3365
30:06.4,3752
30:06.6,4130
30:06.8,4502
30:07.0,4886
30:07.2,5274
30:07.4,5655
30:07.6,6031
30:07.8,6432
30:08.0,6819
30:08.2,7203
30:08.4,7586
30:08.6,7989
30:08.8,8382
30:09.0,8770
30:09.2,9176
30:09.4,9582
30:09.6,9819
30:09.8,9819
30:10.0,9819
30:10.2,9819
30:10.4,9819
30:10.6,9819
30:10.8,9819
30:11.0,9819
30:11.2,9819
30:11.4,9819
30:11.6,9819
30:11.8,9819
30:12.0,9819
30:12.2,9819
30:12.4,9819
30:12.6,9819
30:12.8,9819
30:13.0,9819
30:13.2,9819
30:13.4,9819
30:13.6,9819
30:13.8,9517
30:14.0,9101
30:14.2,8688
30:14.4,8292
30:14.6,7880
30:14.8,7477
30:15.0,7098
30:15.2,6717
30:15.4,6326
30:15.6,5943
30:15.8,5562
30:16.0,5178
30:16.2,4780
30:16.4,4398
30:16.6,4026
30:16.8,3638
30:17.0,3250
30:17.2,2869
30:17.4,2497
30:17.6,2104
30:17.8,1706
30:18.0,1332
30:18.2,974
30:18.4,596
30:18.6,223
30:18.8,-82
30:19.0,-68
30:19.2,-68
30:19.4,-68
30:19.6,-68
30:19.8,-68
30:20.0,-68
30:20.2,-68
30:20.4,-68
30:20.6,-68
30:20.8,-68
30:21.0,-68
30:21.2,-68
30:21.4,-68
30:21.6,-68
30:21.8,-68
30:22.0,-68
30:22.2,-68
30:22.4,-68
30:22.6,-68
30:22.8,-68
30:23.0,302
30:23.2,715
30:23.4,1120
30:23.6,1514
30:23.8,1918
30:24.0,2335
30:24.2,2725
30:24.4,3092
30:24.6,3482
30:24.8,3869
30:25.0,4237
30:25.2,4611
30:25.4,5001
30:25.6,5386
30:25.8,5767
30:26.0,6147
30:26.2,6548
30:26.4,6940
30:26.6,7316
30:26.8,7705
30:27.0,8110
30:27.2,8498
30:27.4,8885
30:27.6,9297
30:27.8,9700
30:28.0,9875
30:28.2,9876
30:28.4,9876
30:28.6,9876
30:28.8,9876
30:29.0,9876
30:29.2,9876
30:29.4,9876
30:29.6,9876
30:29.8,9876
30:30.0,9876
30:30.2,9876
30:30.4,9876
30:30.6,9876
30:30.8,9876
30:31.0,9876
30:31.2,9876
30:31.4,9876
30:31.6,9876
30:31.8,9876
30:32.0,9838
30:32.2,9426
30:32.4,9009
30:32.6,8603
30:32.8,8200
30:33.0,7788
30:33.2,7396
30:33.4,7017
30:33.6,6641
30:33.8,6236
30:34.0,5860
30:34.2,5482
30:34.4,5094
30:34.6,4693
30:34.8,4315
30:35.0,3945
30:35.2,3555
30:35.4,3159
30:35.6,2788
30:35.8,2413
30:36.0,2012
30:36.2,1627
30:36.4,1253
30:36.6,893
30:36.8,516
30:37.0,155
30:37.2,-2
30:37.4,-1
30:37.6,-1
30:37.8,-1
30:38.0,-1
30:38.2,-1
30:38.4,-1
30:38.6,-1
30:38.8,-1
30:39.0,-1
30:39.2,-1
30:39.4,-1
30:39.6,-1
30:39.8,-1
30:40.0,-1
30:40.2,-1
30:40.4,-1
30:40.6,-1
30:40.8,-1
30:41.0,-1
30:41.2,120
30:41.4,526
30:41.6,931
30:41.8,1325
30:42.0,1728
30:42.2,2148
30:42.4,2549
30:42.6,2927
30:42.8,3302
30:43.0,3696
30:43.2,4072
30:43.4,4441
30:43.6,4825
30:43.8,5216
30:44.0,5601
30:44.2,5973
30:44.4,6373
30:44.6,6769
30:44.8,7151
30:45.0,7534
30:45.2,7933
30:45.4,8332
30:45.6,8716
30:45.8,9117
30:46.0,9527
30:46.2,9869
30:46.4,9866
30:46.6,9866
30:46.8,9866
30:47.0,9866
30:47.2,9866
30:47.4,9866
30:47.6,9866
30:47.8,9866
30:48.0,9866
30:48.2,9866
30:48.4,9866
30:48.6,9866
30:48.8,9866
30:49.0,9866
30:49.2,9866
30:49.4,9866
30:49.6,9866
30:49.8,9866
30:50.0,9866
30:50.2,9866
30:50.4,9667
30:50.6,9257
30:50.8,8845
30:51.0,8449
30:51.2,8060
30:51.4,7656
30:51.6,7267
30:51.8,6901
30:52.0,6510
30:52.2,6123
30:52.4,5738
30:52.6,5369
30:52.8,4976
30:53.0,4587
30:53.2,4208
30:53.4,3829
30:53.6,3443
30:53.8,3065
30:54.0,2686
30:54.2,2311
30:54.4,1912
30:54.6,1524
30:54.8,1159
30:55.0,799
30:55.2,424
30:55.4,66
30:55.6,-41
30:55.8,-41
30:56.0,-41
30:56.2,-41
30:56.4,-41
30:56.6,-41
30:56.8,-41
30:57.0,-41
30:57.2,-41
30:57.4,-41
30:57.6,-41
30:57.8,-41
30:58.0,-41
30:58.2,-41
30:58.4,-41
30:58.6,-41
30:58.8,-41
30:59.0,-41
30:59.2,-41
30:59.4,-41
30:59.6,242
30:59.8,646
31:00.0,1051
31:00.2,1446
31:00.4,1854
31:00.6,2268
31:00.8,2657
31:01.0,3028
31:01.2,3412
31:01.4,3798
31:01.6,4176
31:01.8,4542
31:02.0,4933
31:02.2,5321
31:02.4,5698
31:02.6,6076
31:02.8,6474
31:03.0,6865
31:03.2,7251
31:03.4,7632
31:03.6,8037
31:03.8,8425
31:04.0,8816
31:04.2,9222
31:04.4,9621
31:04.6,9892
31:04.8,9891
31:05.0,9891
31:05.2,9891
31:05.4,9891
31:05.6,9891
31:05.8,9891
31:06.0,9891
31:06.2,9891
31:06.4,9891
31:06.6,9891
31:06.7,9891
31:06.9,9891
31:07.1,9891
31:07.3,9891
31:07.5,9891
31:07.7,9891
31:07.9,9891
31:08.1,9891
31:08.3,9891
31:08.5,9891
31:08.7,9539
31:08.9,9114
31:09.1,8707
31:09.3,8312
31:09.5,7900
31:09.7,7503
31:09.9,7119
31:10.1,6742
31:10.3,6354
31:10.5,5967
31:10.7,5583
31:10.9,5205
31:11.1,4810
31:11.3,4424
31:11.5,4050
31:11.7,3668
31:11.9,3277
31:12.1,2894
31:12.3,2527
31:12.5,2134
31:12.7,1733
31:12.9,1360
31:13.1,995
31:13.3,625
31:13.5,254
31:13.7,-83
31:13.9,-87
31:14.1,-87
31:14.3,-87
31:14.5,-87
31:14.7,-87
31:14.9,-87
31:15.1,-87
31:15.3,-87
31:15.5,-87
31:15.7,-87
31:15.9,-87
31:16.1,-87
31:16.3,-87
31:16.5,-87
31:16.7,-87
31:16.9,-87
31:17.1,-87
31:17.3,-87
31:17.5,-87
31:17.7,-62
31:17.9,340
31:18.1,757
31:18.3,1157
31:18.5,1556
31:18.7,1960
31:18.9,2370
31:19.1,2753
31:19.3,3124
31:19.5,3516
31:19.7,3900
31:19.9,4272
31:20.1,4640
31:20.3,5034
31:20.5,5423
31:20.7,5796
31:20.9,6178
31:21.1,6583
31:21.3,6969
31:21.5,7347
31:21.7,7740
31:21.9,8140
31:22.1,8529
31:22.3,8920
31:22.5,9328
31:22.7,9730
31:22.9,9852
31:23.1,9852
31:23.3,9852
31:23.5,9852
31:23.7,9852
31:23.9,9852
31:24.1,9852
31:24.3,9852
31:24.5,9852
31:24.7,9852
31:24.9,9852
31:25.1,9852
31:25.3,9852
31:25.5,9852
31:25.7,9852
31:25.9,9852
31:26.1,9852
31:26.3,9852
31:26.5,9852
31:26.7,9852
31:26.9,9756
31:27.1,9341
31:27.3,8928
31:27.5,8519
31:27.7,8113
31:27.9,7702
31:28.1,7316
31:28.3,6943
31:28.5,6558
31:28.7,6161
31:28.9,5786
31:29.1,5410
31:29.3,5015
31:29.5,4624
31:29.7,4239
31:29.9,3868
31:30.1,3480
31:30.3,3094
31:30.5,2713
31:30.7,2344
31:30.9,1941
31:31.1,1559
31:31.3,1192
31:31.5,826
31:31.7,453
31:31.9,92
31:32.1,-34
31:32.3,-34
31:32.5,-34
31:32.7,-34
31:32.9,-34
31:33.1,-34
31:33.3,-34
31:33.5,-34
31:33.7,-34
31:33.9,-34
31:34.1,-34
31:34.3,-34
31:34.5,-34
31:34.7,-34
31:34.9,-34
31:35.1,-34
31:35.3,-34
31:35.5,-34
31:35.7,-34
31:35.9,-34
31:36.1,144
31:36.3,546
31:36.5,953
31:36.7,1352
31:36.9,1753
31:37.1,2171
31:37.3,2569
31:37.5,2950
31:37.7,3321
31:37.9,3712
31:38.1,4090
31:38.3,4461
31:38.5,4849
31:38.7,5234
31:38.9,5618
31:39.1,5991
31:39.3,6390
31:39.5,6780
31:39.7,7165
31:39.9,7545
31:40.1,7946
31:40.3,8342
31:40.5,8729
31:40.7,9132
31:40.9,9540
31:41.1,9823
31:41.3,9823
31:41.5,9823
31:41.7,9823
31:41.9,9823
31:42.1,9823
31:42.3,9823
31:42.5,9823
31:42.7,9823
31:42.9,9823
31:43.1,9823
31:43.3,9823
31:43.5,9823
31:43.7,9823
31:43.9,9823
31:44.1,9823
31:44.3,9823
31:44.5,9823
31:44.7,9823
31:44.9,9823
31:45.1,9823
31:45.3,9559
31:45.5,9150
31:45.7,8745
31:45.9,8357
31:46.1,7964
31:46.3,7566
31:46.5,7188
31:46.7,6827
31:46.9,6440
31:47.1,6050
31:47.3,5670
31:47.5,5297
31:47.7,4900
31:47.9,4511
31:48.1,4136
31:48.3,3767
31:48.5,3368
31:48.7,2995
31:48.9,2620
31:49.1,2238
31:49.3,1844
31:49.5,1456
31:49.7,1105
31:49.9,736
31:50.1,365
31:50.3,12
31:50.5,-56
31:50.7,-56
31:50.9,-56
31:51.1,-56
31:51.3,-56
31:51.5,-56
31:51.7,-56
31:51.9,-56
31:52.1,-56
31:52.3,-56
31:52.5,-56
31:52.7,-56
31:52.9,-56
31:53.1,-56
31:53.3,-56
31:53.5,-56
31:53.7,-56
31:53.9,-56
31:54.1,-56
31:54.3,-56
31:54.5,275
31:54.7,682
31:54.9,1084
31:55.1,1485
31:55.3,1888
31:55.5,2304
31:55.7,2696
31:55.9,3065
31:56.1,3451
31:56.3,3836
31:56.5,4212
31:56.7,4580
31:56.9,4972
31:57.1,5365
31:57.3,5740
31:57.5,6118
31:57.7,6521
31:57.9,6911
31:58.1,7292
31:58.3,7681
31:58.5,8084
31:58.7,8474
31:58.9,8861
31:59.1,9272
31:59.3,9674
31:59.5,9809
31:59.7,9809
31:59.9,9809
32:00.1,9809
32:00.3,9809
32:00.5,9809
32:00.7,9809
32:00.9,9809
32:01.1,9809
32:01.3,9809
32:01.5,9809
32:01.7,9809
32:01.9,9809
32:02.1,9809
32:02.3,9809
32:02.5,9809
32:02.7,9809
32:02.9,9809
32:03.1,9809
32:03.3,9809
32:03.5,9807
32:03.7,9399
32:03.9,8984
32:04.1,8576
32:04.3,8178
32:04.5,7764
32:04.7,7372
32:04.9,6993
32:05.1,6614
32:05.3,6220
32:05.5,5836
32:05.7,5457
32:05.9,5064
32:06.1,4670
32:06.3,4289
32:06.5,3914
32:06.7,3523
32:06.9,3143
32:07.1,2762
32:07.3,2387
32:07.5,1985
32:07.7,1599
32:07.9,1232
32:08.1,869
32:08.3,494
32:08.5,133
32:08.7,-81
32:08.9,-82
32:09.1,-82
32:09.3,-82
32:09.5,-82
32:09.7,-82
32:09.9,-82
32:10.1,-82
32:10.3,-82
32:10.5,-82
32:10.7,-82
32:10.9,-82
32:11.1,-82
32:11.3,-82
32:11.5,-82
32:11.7,-82
32:11.9,-82
32:12.1,-82
32:12.3,-82
32:12.5,-82
32:12.7,-10
32:12.9,395
32:13.1,808
32:13.3,1207
32:13.5,1608
32:13.7,2017
32:13.9,2424
32:14.1,2808
32:14.3,3179
32:14.5,3569
32:14.7,3954
32:14.9,4328
32:15.1,4695
32:15.3,5091
32:15.5,5478
32:15.7,5855
32:15.9,6241
32:16.1,6644
32:16.3,7031
32:16.5,7410
32:16.7,7808
32:16.9,8205
32:17.1,8594
32:17.3,8990
32:17.5,9399
32:17.7,9800
32:17.9,9860
32:18.1,9860
32:18.3,9860
32:18.5,9860
32:18.7,9860
32:18.9,9860
32:19.1,9860
32:19.3,9860
32:19.5,9860
32:19.7,9860
32:19.9,9860
32:20.1,9860
32:20.3,9860
32:20.5,9860
32:20.7,9860
32:20.9,9860
32:21.1,9860
32:21.3,9860
32:21.5,9860
32:21.6,9860
32:21.8,9718
32:22.0,9298
32:22.2,8886
32:22.4,8475
32:22.6,8080
32:22.8,7662
32:23.0,7276
32:23.2,6908
32:23.4,6516
32:23.6,6128
32:23.8,5745
32:24.0,5369
32:24.2,4973
32:24.4,4582
32:24.6,4200
32:24.8,3821
32:25.0,3427
32:25.2,3044
32:25.4,2674
32:25.6,2292
32:25.8,1893
32:26.0,1502
32:26.2,1141
32:26.4,770
32:26.6,398
32:26.8,39
32:27.0,-101
32:27.2,-100
32:27.4,-100
32:27.6,-100
32:27.8,-100
32:28.0,-100
32:28.2,-100
32:28.4,-100
32:28.6,-100
32:28.8,-100
32:29.0,-100
32:29.2,-100
32:29.4,-100
32:29.6,-100
32:29.8,-100
32:30.0,-100
32:30.2,-100
32:30.4,-100
32:30.6,-100
32:30.8,-100
32:31.0,127
32:31.2,522
32:31.4,931
32:31.6,1328
32:31.8,1733
32:32.0,2143
32:32.2,2543
32:32.4,2922
32:32.6,3294
32:32.8,3690
32:33.0,4066
32:33.2,4435
32:33.4,4815
32:33.6,5209
32:33.8,5597
32:34.0,5968
32:34.2,6362
32:34.4,6759
32:34.6,7146
32:34.8,7527
32:35.0,7925
32:35.2,8318
32:35.4,8711
32:35.6,9105
32:35.8,9517
32:36.0,9835
32:36.2,9833
32:36.4,9833
32:36.6,9833
32:36.8,9833
32:37.0,9833
32:37.2,9833
32:37.4,9833
32:37.6,9833
32:37.8,9833
32:38.0,9833
32:38.2,9833
32:38.4,9833
32:38.6,9833
32:38.8,9833
32:39.0,9833
32:39.2,9833
32:39.4,9833
32:39.6,9833
32:39.8,9833
32:40.0,9833
32:40.2,9686
32:40.4,9269
32:40.6,8867
32:40.8,8464
32:41.0,8070
32:41.2,7665
32:41.4,7284
32:41.6,6914
32:41.8,6526
32:42.0,6139
32:42.2,5758
32:42.4,5383
32:42.6,4990
32:42.8,4601
32:43.0,4225
32:43.2,3846
32:43.4,3461
32:43.6,3080
32:43.8,2700
32:44.0,2327
32:44.2,1929
32:44.4,1546
32:44.6,1181
32:44.8,818
32:45.0,442
32:45.2,89
32:45.4,-63
32:45.6,-61
32:45.8,-61
32:46.0,-61
32:46.2,-61
32:46.4,-61
32:46.6,-61
32:46.8,-61
32:47.0,-61
32:47.2,-61
32:47.4,-61
32:47.6,-61
32:47.8,-61
32:48.0,-61
32:48.2,-61
32:48.4,-61
32:48.6,-61
32:48.8,-61
32:49.0,-61
32:49.2,-61
32:49.4,166
32:49.6,564
32:49.8,967
32:50.0,1370
32:50.2,1766
32:50.4,2186
32:50.6,2585
32:50.8,2962
32:51.0,3338
32:51.2,3730
32:51.4,4105
32:51.6,4478
32:51.8,4861
32:52.0,5252
32:52.2,5630
32:52.4,6008
32:52.6,6409
32:52.8,6804
32:53.0,7185
32:53.2,7566
32:53.4,7968
32:53.6,8366
32:53.8,8753
32:54.0,9154
32:54.2,9561
32:54.4,9798
32:54.6,9799
32:54.8,9799
32:55.0,9799
32:55.2,9799
32:55.4,9799
32:55.6,9799
32:55.8,9799
32:56.0,9799
32:56.2,9799
32:56.4,9799
32:56.6,9799
32:56.8,9799
32:57.0,9799
32:57.2,9799
32:57.4,9799
32:57.6,9799
32:57.8,9799
32:58.0,9799
32:58.2,9799
32:58.4,9799
32:58.6,9502
32:58.8,9085
32:59.0,8677
32:59.2,8279
32:59.4,7868
32:59.6,7467
32:59.8,7085
33:00.0,6707
33:00.2,6309
33:00.4,5933
33:00.6,5552
33:00.8,5170
33:01.0,4768
33:01.2,4389
33:01.4,4017
33:01.6,3629
33:01.8,3238
33:02.0,2860
33:02.2,2489
33:02.4,2094
33:02.6,1700
33:02.8,1325
33:03.0,971
33:03.2,594
33:03.4,233
33:03.6,-64
33:03.8,-62
33:04.0,-62
33:04.2,-62
33:04.4,-62
33:04.6,-62
33:04.8,-62
33:05.0,-62
33:05.2,-62
33:05.4,-62
33:05.6,-62
33:05.8,-62
33:06.0,-62
33:06.2,-62
33:06.4,-62
33:06.6,-62
33:06.8,-62
33:07.0,-62
33:07.2,-62
33:07.4,-62
33:07.6,-62
33:07.8,316
33:08.0,720
33:08.2,1126
33:08.4,1524
33:08.6,1923
33:08.8,2339
33:09.0,2724
33:09.2,3100
33:09.4,3483
33:09.6,3865
33:09.8,4243
33:10.0,4611
33:10.2,5002
33:10.4,5389
33:10.6,5768
33:10.8,6156
33:11.0,6553
33:11.2,6945
33:11.4,7324
33:11.6,7712
33:11.8,8116
33:12.0,8504
33:12.2,8894
33:12.4,9305
33:12.6,9705
33:12.8,9795
33:13.0,9795
33:13.2,9795
33:13.4,9795
33:13.6,9795
33:13.8,9795
33:14.0,9795
33:14.2,9795
33:14.4,9795
33:14.6,9795
33:14.8,9795
33:15.0,9795
33:15.2,9795
33:15.4,9795
33:15.6,9795
33:15.8,9795
33:16.0,9795
33:16.2,9795
33:16.4,9795
33:16.6,9795
33:16.8,9759
33:17.0,9341
33:17.2,8924
33:17.4,8518
33:17.6,8119
33:17.8,7705
33:18.0,7314
33:18.2,6937
33:18.4,6560
33:18.6,6168
33:18.8,5780
33:19.0,5410
33:19.2,5015
33:19.4,4616
33:19.6,4237
33:19.8,3864
33:20.0,3475
33:20.2,3084
33:20.4,2710
33:20.6,2332
33:20.8,1928
33:21.0,1552
33:21.2,1187
33:21.4,822
33:21.6,442
33:21.8,90
33:22.0,-77
33:22.2,-74
33:22.4,-74
33:22.6,-74
33:22.8,-74
33:23.0,-74
33:23.2,-74
33:23.4,-74
33:23.6,-74
33:23.8,-74
33:24.0,-74
33:24.2,-74
33:24.4,-74
33:24.6,-74
33:24.8,-74
33:25.0,-74
33:25.2,-74
33:25.4,-74
33:25.6,-74
33:25.8,-74
33:26.0,-74
33:26.2,289
33:26.4,696
33:26.6,1096
33:26.8,1496
33:27.0,1900
33:27.2,2319
33:27.4,2708
33:27.6,3080
33:27.8,3464
33:28.0,3850
33:28.2,4226
33:28.4,4596
33:28.6,4988
33:28.8,5378
33:29.0,5762
33:29.2,6135
33:29.4,6537
33:29.6,6928
33:29.8,7309
33:30.0,7697
33:30.2,8102
33:30.4,8491
33:30.6,8879
33:30.8,9290
33:31.0,9696
33:31.2,9790
33:31.4,9790
33:31.6,9790
33:31.8,9790
33:32.0,9790
33:32.1,9790
33:32.3,9790
33:32.5,9790
33:32.7,9790
33:32.9,9790
33:33.1,9790
33:33.3,9790
33:33.5,9790
33:33.7,9790
33:33.9,9790
33:34.1,9790
33:34.3,9790
33:34.5,9790
33:34.7,9790
33:34.9,9790
33:35.1,9757
33:35.3,9339
33:35.5,8927
33:35.7,8537
33:35.9,8144
33:36.1,7740
33:36.3,7353
33:36.5,6990
33:36.7,6614
33:36.9,6222
33:37.1,5838
33:37.3,5466
33:37.5,5077
33:37.7,4683
33:37.9,4300
33:38.1,3934
33:38.3,3543
33:38.5,3155
33:38.7,2782
33:38.9,2412
33:39.1,2013
33:39.3,1625
33:39.5,1256
33:39.7,898
33:39.9,513
33:40.1,164
33:40.3,-92
33:40.5,-80
33:40.7,-80
33:40.9,-80
33:41.1,-80
33:41.3,-80
33:41.5,-80
33:41.7,-80
33:41.9,-80
33:42.1,-80
33:42.3,-80
33:42.5,-80
33:42.7,-80
33:42.9,-80
33:43.1,-80
33:43.3,-80
33:43.5,-80
33:43.7,-80
33:43.9,-80
33:44.1,-80
33:44.3,29
33:44.5,438
33:44.7,844
33:44.9,1247
33:45.1,1640
33:45.3,2053
33:45.5,2462
33:45.7,2841
33:45.9,3210
33:46.1,3606
33:46.3,3992
33:46.5,4359
33:46.7,4731
33:46.9,5131
33:47.1,5510
33:47.3,5891
33:47.5,6279
33:47.7,6674
33:47.9,7062
33:48.1,7444
33:48.3,7843
33:48.5,8243
33:48.7,8633
33:48.9,9020
33:49.1,9439
33:49.3,9833
33:49.5,9863
33:49.7,9863
33:49.9,9863
33:50.1,9863
33:50.3,9863
33:50.5,9863
33:50.7,9863
33:50.9,9863
33:51.1,9863
33:51.3,9863
33:51.5,9863
33:51.7,9863
33:51.9,9863
33:52.1,9863
33:52.3,9863
33:52.5,9863
33:52.7,9863
33:52.9,9863
33:53.1,9863
33:53.3,9863
33:53.5,9668
33:53.7,9254
33:53.9,8844
33:54.1,8440
33:54.3,8037
33:54.5,7622
33:54.7,7237
33:54.9,6865
33:55.1,6471
33:55.3,6083
33:55.5,5703
33:55.7,5317
33:55.9,4928
33:56.1,4528
33:56.3,4159
33:56.5,3777
33:56.7,3382
33:56.9,3002
33:57.1,2629
33:57.3,2244
33:57.5,1846
33:57.7,1458
33:57.9,1106
33:58.1,732
33:58.3,353
33:58.5,3
33:58.7,-17
33:58.9,-17
33:59.1,-17
33:59.3,-17
33:59.5,-17
33:59.7,-17
33:59.9,-17
34:00.1,-17
34:00.3,-17
34:00.5,-17
34:00.7,-17
34:00.9,-17
34:01.1,-17
34:01.3,-17
34:01.5,-17
34:01.7,-17
34:01.9,-17
34:02.1,-17
34:02.3,-17
34:02.5,-17
34:02.7,255
34:02.9,654
34:03.1,1063
34:03.3,1462
34:03.5,1869
34:03.7,2281
34:03.9,2674
34:04.1,3045
34:04.3,3433
34:04.5,3814
34:04.7,4193
34:04.9,4560
34:05.1,4952
34:05.3,5344
34:05.5,5726
34:05.7,6105
34:05.9,6504
34:06.1,6891
34:06.3,7274
34:06.5,7665
34:06.7,8061
34:06.9,8457
34:07.1,8842
34:07.3,9249
34:07.5,9654
34:07.7,9843
34:07.9,9844
34:08.1,9844
34:08.3,9844
34:08.5,9844
34:08.7,9844
34:08.9,9844
34:09.1,9844
34:09.3,9844
34:09.5,9844
34:09.7,9844
34:09.9,9844
34:10.1,9844
34:10.3,9844
34:10.5,9844
34:10.7,9844
34:10.9,9844
34:11.1,9844
34:11.3,9844
34:11.5,9844
34:11.7,9844
34:11.9,9495
34:12.1,9072
34:12.3,8661
34:12.5,8270
34:12.7,7856
34:12.9,7456
34:13.1,7075
34:13.3,6696
34:13.5,6304
34:13.7,5922
34:13.9,5540
34:14.1,5155
34:14.3,4758
34:14.5,4369
34:14.7,4000
34:14.9,3605
34:15.1,3217
34:15.3,2840
34:15.5,2460
34:15.7,2071
34:15.9,1679
34:16.1,1300
34:16.3,944
34:16.5,567
34:16.7,203
34:16.9,-68
34:17.1,-68
34:17.3,-68
34:17.5,-68
34:17.7,-68
34:17.9,-68
34:18.1,-68
34:18.3,-68
34:18.5,-68
34:18.7,-68
34:18.9,-68
34:19.1,-68
34:19.3,-68
34:19.5,-68
34:19.7,-68
34:19.9,-68
34:20.1,-68
34:20.3,-68
34:20.5,-68
34:20.7,-68
34:20.9,-44
34:21.1,360
34:21.3,776
34:21.5,1178
34:21.7,1576
34:21.9,1980
34:22.1,2392
34:22.3,2779
34:22.5,3150
34:22.7,3542
34:22.9,3928
34:23.1,4302
34:23.3,4671
34:23.5,5071
34:23.7,5454
34:23.9,5830
34:24.1,6219
34:24.3,6616
34:24.5,7005
34:24.7,7385
34:24.9,7789
34:25.1,8185
34:25.3,8571
34:25.5,8968
34:25.7,9381
34:25.9,9778
34:26.1,9812
34:26.3,9812
34:26.5,9812
34:26.7,9812
34:26.9,9812
34:27.1,9812
34:27.3,9812
34:27.5,9812
34:27.7,9812
34:27.9,9812
34:28.1,9812
34:28.3,9812
34:28.5,9812
34:28.7,9812
34:28.9,9812
34:29.1,9812
34:29.3,9812
34:29.5,9812
34:29.7,9812
34:29.9,9812
34:30.1,9718
34:30.3,9297
34:30.5,8888
34:30.7,8476
34:30.9,8083
34:31.1,7665
34:31.3,7282
34:31.5,6909
34:31.7,6522
34:31.9,6133
34:32.1,5752
34:32.3,5377
34:32.5,4984
34:32.7,4593
34:32.9,4216
34:33.1,3837
34:33.3,3452
34:33.5,3066
34:33.7,2693
34:33.9,2316
34:34.1,1916
34:34.3,1530
34:34.5,1168
34:34.7,802
34:34.9,428
34:35.1,75
34:35.3,-45
34:35.5,-46
34:35.7,-46
34:35.9,-46
34:36.1,-46
34:36.3,-46
34:36.5,-46
34:36.7,-46
34:36.9,-46
34:37.1,-46
34:37.3,-46
34:37.5,-46
34:37.7,-46
34:37.9,-46
34:38.1,-46
34:38.3,-46
34:38.5,-46
34:38.7,-46
34:38.9,-46
34:39.1,-46
34:39.3,136
34:39.5,535
34:39.7,944
34:39.9,1343
34:40.1,1742
34:40.3,2163
34:40.5,2562
34:40.7,2940
34:40.9,3315
34:41.1,3711
34:41.3,4087
34:41.5,4460
34:41.7,4847
34:41.9,5238
34:42.1,5620
34:42.3,5996
34:42.5,6392
34:42.7,6787
34:42.9,7172
34:43.1,7556
34:43.3,7962
34:43.5,8359
34:43.7,8747
34:43.9,9154
34:44.1,9558
34:44.3,9833
34:44.5,9834
34:44.7,9834
34:44.9,9834
34:45.1,9834
34:45.3,9834
34:45.5,9834
34:45.7,9834
34:45.9,9834
34:46.1,9834
34:46.3,9834
34:46.5,9834
34:46.7,9834
34:46.9,9834
34:47.1,9834
34:47.3,9834
34:47.5,9834
34:47.7,9834
34:47.9,9834
34:48.1,9834
34:48.3,9834
34:48.5,9574
34:48.7,9160
34:48.9,8749
34:49.1,8345
34:49.3,7939
34:49.5,7533
34:49.7,7148
34:49.9,6769
34:50.1,6377
34:50.3,5992
34:50.5,5608
34:50.7,5229
34:50.9,4836
34:51.1,4445
34:51.3,4071
34:51.5,3690
34:51.7,3295
34:51.9,2912
34:52.1,2545
34:52.2,2151
34:52.4,1754
34:52.6,1375
34:52.8,1012
34:53.0,645
34:53.2,268
34:53.4,-65
34:53.6,-64
34:53.8,-64
34:54.0,-64
34:54.2,-64
34:54.4,-64
34:54.6,-64
34:54.8,-64
34:55.0,-64
34:55.2,-64
34:55.4,-64
34:55.6,-64
34:55.8,-64
34:56.0,-64
34:56.2,-64
34:56.4,-64
34:56.6,-64
34:56.8,-64
34:57.0,-64
34:57.2,-64
34:57.4,-64
34:57.6,267
34:57.8,676
34:58.0,1085
34:58.2,1478
34:58.4,1884
34:58.6,2300
34:58.8,2692
34:59.0,3063
34:59.2,3450
34:59.4,3833
34:59.6,4213
34:59.8,4581
35:00.0,4973
35:00.2,5359
35:00.4,5743
35:00.6,6122
35:00.8,6525
35:01.0,6919
35:01.2,7299
35:01.4,7689
35:01.6,8093
35:01.8,8486
35:02.0,8868
35:02.2,9278
35:02.4,9684
35:02.6,9808
35:02.8,9808
35:03.0,9808
35:03.2,9808
35:03.4,9808
35:03.6,9808
35:03.8,9808
35:04.0,9808
35:04.2,9808
35:04.4,9808
35:04.6,9808
35:04.8,9808
35:05.0,9808
35:05.2,9808
35:05.4,9808
35:05.6,9808
35:05.8,9808
35:06.0,9808
35:06.2,9808
35:06.4,9808
35:06.6,9802
35:06.8,9392
35:07.0,8977
35:07.2,8570
35:07.4,8171
35:07.6,7750
35:07.8,7364
35:08.0,6985
35:08.2,6604
35:08.4,6210
35:08.6,5826
35:08.8,5449
35:09.0,5056
35:09.2,4664
35:09.4,4279
35:09.6,3903
35:09.8,3514
35:10.0,3130
35:10.2,2752
35:10.4,2373
35:10.6,1978
35:10.8,1593
35:11.0,1223
35:11.2,860
35:11.4,484
35:11.6,124
35:11.8,-68
35:12.0,-68
35:12.2,-68
35:12.4,-68
35:12.6,-68
35:12.8,-68
35:13.0,-68
35:13.2,-68
35:13.4,-68
35:13.6,-68
35:13.8,-68
35:14.0,-68
35:14.2,-68
35:14.4,-68
35:14.6,-68
35:14.8,-68
35:15.0,-68
35:15.2,-68
35:15.4,-68
35:15.6,-68
35:15.8,10
35:16.0,422
35:16.2,833
35:16.4,1231
35:16.6,1629
35:16.8,2043
35:17.0,2449
35:17.2,2830
35:17.4,3203
35:17.6,3596
35:17.8,3977
35:18.0,4356
35:18.2,4727
35:18.4,5125
35:18.6,5509
35:18.8,5891
35:19.0,6281
35:19.2,6677
35:19.4,7063
35:19.6,7441
35:19.8,7844
35:20.0,8239
35:20.2,8628
35:20.4,9030
35:20.6,9436
35:20.8,9814
35:21.0,9815
35:21.2,9815
35:21.4,9815
35:21.6,9815
35:21.8,9815
35:22.0,9815
35:22.2,9815
35:22.4,9815
35:22.6,9815
35:22.8,9815
35:23.0,9815
35:23.2,9815
35:23.4,9815
35:23.6,9815
35:23.8,9815
35:24.0,9815
35:24.2,9815
35:24.4,9815
35:24.6,9815
35:24.8,9815
35:25.0,9656
35:25.2,9241
35:25.4,8841
35:25.6,8436
35:25.8,8046
35:26.0,7642
35:26.2,7258
35:26.4,6887
35:26.6,6498
35:26.8,6109
35:27.0,5727
35:27.2,5354
35:27.4,4962
35:27.6,4573
35:27.8,4192
35:28.0,3821
35:28.2,3432
35:28.4,3044
35:28.6,2674
35:28.8,2295
35:29.0,1893
35:29.2,1507
35:29.4,1152
35:29.6,786
35:29.8,414
35:30.0,61
35:30.2,-97
35:30.4,-97
35:30.6,-97
35:30.8,-97
35:31.0,-97
35:31.2,-97
35:31.4,-97
35:31.6,-97
35:31.8,-97
35:32.0,-97
35:32.2,-97
35:32.4,-97
35:32.6,-97
35:32.8,-97
35:33.0,-97
35:33.2,-97
35:33.4,-97
35:33.6,-97
35:33.8,-97
35:34.0,-97
35:34.2,143
35:34.4,537
35:34.6,947
35:34.8,1349
35:35.0,1750
35:35.2,2165
35:35.4,2565
35:35.6,2945
35:35.8,3321
35:36.0,3712
35:36.2,4095
35:36.4,4463
35:36.6,4850
35:36.8,5243
35:37.0,5624
35:37.2,6000
35:37.4,6404
35:37.6,6792
35:37.8,7182
35:38.0,7564
35:38.2,7970
35:38.4,8365
35:38.6,8752
35:38.8,9153
35:39.0,9567
35:39.2,9792
35:39.4,9792
35:39.6,9792
35:39.8,9792
35:40.0,9792
35:40.2,9792
35:40.4,9792
35:40.6,9792
35:40.8,9792
35:41.0,9792
35:41.2,9792
35:41.4,9792
35:41.6,9792
35:41.8,9792
35:42.0,9792
35:42.2,9792
35:42.4,9792
35:42.6,9792
35:42.8,9792
35:43.0,9792
35:43.2,9792
35:43.4,9475
35:43.6,9059
35:43.8,8651
35:44.0,8252
35:44.2,7838
35:44.4,7440
35:44.6,7055
35:44.8,6676
35:45.0,6288
35:45.2,5902
35:45.4,5524
35:45.6,5134
35:45.8,4742
35:46.0,4356
35:46.2,3985
35:46.4,3593
35:46.6,3199
35:46.8,2828
35:47.0,2445
35:47.2,2056
35:47.4,1661
35:47.6,1284
35:47.8,927
35:48.0,546
35:48.2,190
35:48.4,-114
35:48.6,-103
35:48.8,-103
35:49.0,-103
35:49.2,-103
35:49.4,-103
35:49.6,-103
35:49.8,-103
35:50.0,-103
35:50.2,-103
35:50.4,-103
35:50.6,-103
35:50.8,-103
35:51.0,-103
35:51.2,-103
35:51.4,-103
35:51.6,-103
35:51.8,-103
35:52.0,-103
35:52.2,-103
35:52.4,-103
35:52.6,278
35:52.8,682
35:53.0,1088
35:53.2,1488
35:53.4,1891
35:53.6,2308
35:53.8,2697
35:54.0,3068
35:54.2,3457
35:54.4,3842
35:54.6,4220
35:54.8,4592
35:55.0,4984
35:55.2,5376
35:55.4,5758
35:55.6,6138
35:55.8,6539
35:56.0,6928
35:56.2,7313
35:56.4,7705
35:56.6,8105
35:56.8,8497
35:57.0,8885
35:57.2,9293
35:57.4,9704
35:57.6,9782
35:57.8,9782
35:58.0,9782
35:58.2,9782
35:58.4,9782
35:58.6,9782
35:58.8,9782
35:59.0,9782
35:59.2,9782
35:59.4,9782
35:59.6,9782
35:59.8,9782
36:00.0,9782
36:00.2,9782
36:00.4,9782
36:00.6,9782
36:00.8,9782
36:01.0,9782
36:01.2,9782
36:01.4,9782
36:01.6,9731
36:01.8,9306
36:02.0,8898
36:02.2,8483
36:02.4,8090
36:02.6,7668
36:02.8,7285
36:03.0,6911
36:03.2,6522
36:03.4,6132
36:03.6,5748
36:03.8,5372
36:04.0,4975
36:04.2,4580
36:04.4,4201
36:04.6,3828
36:04.8,3434
36:05.0,3049
36:05.2,2672
36:05.4,2292
36:05.6,1891
36:05.8,1502
36:06.0,1144
36:06.2,774
36:06.4,399
36:06.6,39
36:06.8,-100
36:07.0,-100
36:07.1,-100
36:07.3,-100
36:07.5,-100
36:07.7,-100
36:07.9,-100
36:08.1,-100
36:08.3,-100
36:08.5,-100
36:08.7,-100
36:08.9,-100
36:09.1,-100
36:09.3,-100
36:09.5,-100
36:09.7,-100
36:09.9,-100
36:10.1,-100
36:10.3,-100
36:10.5,-100
36:10.7,33
36:10.9,433
36:11.1,845
36:11.3,1245
36:11.5,1643
36:11.7,2053
36:11.9,2465
36:12.1,2846
36:12.3,3214
36:12.5,3611
36:12.7,3992
36:12.9,4368
36:13.1,4742
36:13.3,5141
36:13.5,5525
36:13.7,5901
36:13.9,6288
36:14.1,6690
36:14.3,7074
36:14.5,7458
36:14.7,7860
36:14.9,8254
36:15.1,8650
36:15.3,9037
36:15.5,9456
36:15.7,9778
36:15.9,9777
36:16.1,9777
36:16.3,9777
36:16.5,9777
36:16.7,9777
36:16.9,9777
36:17.1,9777
36:17.3,9777
36:17.5,9777
36:17.7,9777
36:17.9,9777
36:18.1,9777
36:18.3,9777
36:18.5,9777
36:18.7,9777
36:18.9,9777
36:19.1,9777
36:19.3,9777
36:19.5,9777
36:19.7,9777
36:19.9,9563
36:20.1,9141
36:20.3,8741
36:20.5,8341
36:20.7,7932
36:20.9,7521
36:21.1,7138
36:21.3,6760
36:21.5,6374
36:21.7,5985
36:21.9,5601
36:22.1,5219
36:22.3,4827
36:22.5,4441
36:22.7,4064
36:22.9,3684
36:23.1,3292
36:23.3,2905
36:23.5,2540
36:23.7,2143
36:23.9,1743
36:24.1,1372
36:24.3,1004
36:24.5,636
36:24.7,262
36:24.9,-84
36:25.1,-101
36:25.3,-101
36:25.5,-101
36:25.7,-101
36:25.9,-101
36:26.1,-101
36:26.3,-101
36:26.5,-101
36:26.7,-101
36:26.9,-101
36:27.1,-101
36:27.3,-101
36:27.5,-101
36:27.7,-101
36:27.9,-101
36:28.1,-101
36:28.3,-101
36:28.5,-101
36:28.7,-101
36:28.9,-101
36:29.1,186
36:29.3,585
36:29.5,993
36:29.7,1393
36:29.9,1795
36:30.1,2209
36:30.3,2608
36:30.5,2986
36:30.7,3360
36:30.9,3753
36:31.1,4135
36:31.3,4502
36:31.5,4891
36:31.7,5278
36:31.9,5662
36:32.1,6038
36:32.3,6438
36:32.5,6830
36:32.7,7216
36:32.9,7601
36:33.1,8008
36:33.3,8404
36:33.5,8788
36:33.7,9195
36:33.9,9597
36:34.1,9776
36:34.3,9777
36:34.5,9777
36:34.7,9777
36:34.9,9777
36:35.1,9777
36:35.3,9777
36:35.5,9777
36:35.7,9777
36:35.9,9777
36:36.1,9777
36:36.3,9777
36:36.5,9777
36:36.7,9777
36:36.9,9777
36:37.1,9777
36:37.3,9777
36:37.5,9777
36:37.7,9777
36:37.9,9777
36:38.1,9777
36:38.3,9410
36:38.5,8993
36:38.7,8588
36:38.9,8186
36:39.1,7772
36:39.3,7377
36:39.5,7001
36:39.7,6620
36:39.9,6226
36:40.1,5842
36:40.3,5462
36:40.5,5071
36:40.7,4677
36:40.9,4293
36:41.1,3920
36:41.3,3535
36:41.5,3148
36:41.7,2765
36:41.9,2389
36:42.1,1989
36:42.3,1601
36:42.5,1228
36:42.7,864
36:42.9,484
36:43.1,120
36:43.3,-34
36:43.5,-34
36:43.7,-34
36:43.9,-34
36:44.1,-34
36:44.3,-34
36:44.5,-34
36:44.7,-34
36:44.9,-34
36:45.1,-34
36:45.3,-34
36:45.5,-34
36:45.7,-34
36:45.9,-34
36:46.1,-34
36:46.3,-34
36:46.5,-34
36:46.7,-34
36:46.9,-34
36:47.1,-34
36:47.3,-1
36:47.5,404
36:47.7,817
36:47.9,1220
36:48.1,1618
36:48.3,2028
36:48.5,2436
36:48.7,2821
36:48.9,3196
36:49.1,3589
36:49.3,3974
36:49.5,4349
36:49.7,4728
36:49.9,5119
36:50.1,5506
36:50.3,5881
36:50.5,6269
36:50.7,6671
36:50.9,7058
36:51.1,7439
36:51.3,7840
36:51.5,8236
36:51.7,8627
36:51.9,9020
36:52.1,9436
36:52.3,9832
36:52.5,9857
36:52.7,9857
36:52.9,9857
36:53.1,9857
36:53.3,9857
36:53.5,9857
36:53.7,9857
36:53.9,9857
36:54.1,9857
36:54.3,9857
36:54.5,9857
36:54.7,9857
36:54.9,9857
36:55.1,9857
36:55.3,9857
36:55.5,9857
36:55.7,9857
36:55.9,9857
36:56.1,9857
36:56.3,9857
36:56.5,9753
36:56.7,9333
36:56.9,8920
36:57.1,8508
36:57.3,8107
36:57.5,7699
36:57.7,7308
36:57.9,6932
36:58.1,6546
36:58.3,6147
36:58.5,5767
36:58.7,5393
36:58.9,4998
36:59.1,4601
36:59.3,4218
36:59.5,3840
36:59.7,3453
36:59.9,3066
37:00.1,2687
37:00.3,2308
37:00.5,1906
37:00.7,1518
37:00.9,1153
37:01.1,782
37:01.3,407
37:01.5,45
37:01.7,-78
37:01.9,-78
37:02.1,-78
37:02.3,-78
37:02.5,-78
37:02.7,-78
37:02.9,-78
37:03.1,-78
37:03.3,-78
37:03.5,-78
37:03.7,-78
37:03.9,-78
37:04.1,-78
37:04.3,-78
37:04.5,-78
37:04.7,-78
37:04.9,-78
37:05.1,-78
37:05.3,-78
37:05.5,-78
37:05.7,122
37:05.9,517
37:06.1,931
37:06.3,1327
37:06.5,1727
37:06.7,2147
37:06.9,2545
37:07.1,2927
37:07.3,3302
37:07.5,3699
37:07.7,4075
37:07.9,4453
37:08.1,4830
37:08.3,5227
37:08.5,5606
37:08.7,5984
37:08.9,6379
37:09.1,6775
37:09.3,7164
37:09.5,7550
37:09.7,7952
37:09.9,8347
37:10.1,8735
37:10.3,9142
37:10.5,9547
37:10.7,9809
37:10.9,9809
37:11.1,9809
37:11.3,9809
37:11.5,9809
37:11.7,9809
37:11.9,9809
37:12.1,9809
37:12.3,9809
37:12.5,9809
37:12.7,9809
37:12.9,9809
37:13.1,9809
37:13.3,9809
37:13.5,9809
37:13.7,9809
37:13.9,9809
37:14.1,9809
37:14.3,9809
37:14.5,9809
37:14.7,9809
37:14.9,9536
37:15.1,9123
37:15.3,8709
37:15.5,8310
37:15.7,7904
37:15.9,7496
37:16.1,7114
37:16.3,6733
37:16.5,6342
37:16.7,5955
37:16.9,5575
37:17.1,5194
37:17.3,4791
37:17.5,4404
37:17.7,4032
37:17.9,3642
37:18.1,3256
37:18.3,2873
37:18.5,2499
37:18.7,2101
37:18.9,1698
37:19.1,1331
37:19.3,967
37:19.5,586
37:19.7,218
37:19.9,-92
37:20.1,-91
37:20.3,-91
37:20.5,-91
37:20.7,-91
37:20.9,-91
37:21.1,-91
37:21.3,-91
37:21.5,-91
37:21.7,-91
37:21.9,-91
37:22.1,-91
37:22.3,-91
37:22.5,-91
37:22.7,-91
37:22.9,-91
37:23.1,-91
37:23.3,-91
37:23.5,-91
37:23.7,-91
37:23.9,-91
37:24.1,255
37:24.3,662
37:24.5,1074
37:24.7,1471
37:24.9,1872
37:25.1,2290
37:25.3,2682
37:25.5,3054
37:25.7,3443
37:25.9,3831
37:26.0,4208
37:26.2,4580
37:26.4,4977
37:26.6,5363
37:26.8,5744
37:27.0,6133
37:27.2,6528
37:27.4,6920
37:27.6,7304
37:27.8,7698
37:28.0,8100
37:28.2,8492
37:28.4,8877
37:28.6,9287
37:28.8,9692
37:29.0,9805
37:29.2,9805
37:29.4,9805
37:29.6,9805
37:29.8,9805
37:30.0,9805
37:30.2,9805
37:30.4,9805
37:30.6,9805
37:30.8,9805
37:31.0,9805
37:31.2,9805
37:31.4,9805
37:31.6,9805
37:31.8,9805
37:32.0,9805
37:32.2,9805
37:32.4,9805
37:32.6,9805
37:32.8,9805
37:33.0,9788
37:33.2,9375
37:33.4,8958
37:33.6,8554
37:33.8,8148
37:34.0,7738
37:34.2,7346
37:34.4,6966
37:34.6,6585
37:34.8,6189
37:35.0,5805
37:35.2,5430
37:35.4,5030
37:35.6,4636
37:35.8,4258
37:36.0,3881
37:36.2,3493
37:36.4,3098
37:36.6,2718
37:36.8,2341
37:37.0,1946
37:37.2,1558
37:37.4,1188
37:37.6,816
37:37.8,443
37:38.0,84
37:38.2,-107
37:38.4,-100
37:38.6,-100
37:38.8,-100
37:39.0,-100
37:39.2,-100
37:39.4,-100
37:39.6,-100
37:39.8,-100
37:40.0,-100
37:40.2,-100
37:40.4,-100
37:40.6,-100
37:40.8,-100
37:41.0,-100
37:41.2,-100
37:41.4,-100
37:41.6,-100
37:41.8,-100
37:42.0,-100
37:42.2,-100
37:42.4,242
37:42.6,648
37:42.8,1058
37:43.0,1453
37:43.2,1860
37:43.4,2274
37:43.6,2666
37:43.8,3039
37:44.0,3423
37:44.2,3813
37:44.4,4193
37:44.6,4562
37:44.8,4955
37:45.0,5345
37:45.2,5729
37:45.4,6112
37:45.6,6506
37:45.8,6901
37:46.0,7285
37:46.2,7674
37:46.4,8080
37:46.6,8474
37:46.8,8859
37:47.0,9268
37:47.2,9678
37:47.4,9787
37:47.6,9787
37:47.8,9787
37:48.0,9787
37:48.2,9787
37:48.4,9787
37:48.6,9787
37:48.8,9787
37:49.0,9787
37:49.2,9787
37:49.4,9787
37:49.6,9787
37:49.8,9787
37:50.0,9787
37:50.2,9787
37:50.4,9787
37:50.6,9787
37:50.8,9787
37:51.0,9787
37:51.2,9787
37:51.4,9765
37:51.6,9349
37:51.8,8928
37:52.0,8528
37:52.2,8119
37:52.4,7713
37:52.6,7322
37:52.8,6943
37:53.0,6561
37:53.2,6163
37:53.4,5782
37:53.6,5405
37:53.8,5009
37:54.0,4611
37:54.2,4231
37:54.4,3854
37:54.6,3466
37:54.8,3079
37:55.0,2700
37:55.2,2320
37:55.4,1916
37:55.6,1532
37:55.8,1167
37:56.0,797
37:56.2,417
37:56.4,56
37:56.6,-39
37:56.8,-39
37:57.0,-39
37:57.2,-39
37:57.4,-39
37:57.6,-39
37:57.8,-39
37:58.0,-39
37:58.2,-39
37:58.4,-39
37:58.6,-39
37:58.8,-39
37:59.0,-39
37:59.2,-39
37:59.4,-39
37:59.6,-39
37:59.8,-39
38:00.0,-39
38:00.2,-39
38:00.4,-39
38:00.6,60
38:00.8,473
38:01.0,879
38:01.2,1280
38:01.4,1678
38:01.6,2096
38:01.8,2495
38:02.0,2880
38:02.2,3262
38:02.4,3652
38:02.6,4039
38:02.8,4406
38:03.0,4788
38:03.2,5180
38:03.4,5567
38:03.6,5940
38:03.8,6338
38:04.0,6731
38:04.2,7117
38:04.4,7501
38:04.6,7905
38:04.8,8302
38:05.0,8691
38:05.2,9088
38:05.4,9502
38:05.6,9862
38:05.8,9860
38:06.0,9860
38:06.2,9860
38:06.4,9860
38:06.6,9860
38:06.8,9860
38:07.0,9860
38:07.2,9860
38:07.4,9860
38:07.6,9860
38:07.8,9860
38:08.0,9860
38:08.2,9860
38:08.4,9860
38:08.6,9860
38:08.8,9860
38:09.0,9860
38:09.2,9860
38:09.4,9860
38:09.6,9860
38:09.8,9689
38:10.0,9269
38:10.2,8853
38:10.4,8452
38:10.6,8046
38:10.8,7637
38:11.0,7249
38:11.2,6876
38:11.4,6481
38:11.6,6090
38:11.8,5706
38:12.0,5324
38:12.2,4935
38:12.4,4546
38:12.6,4157
38:12.8,3783
38:13.0,3386
38:13.2,3009
38:13.4,2628
38:13.6,2245
38:13.8,1846
38:14.0,1459
38:14.2,1104
38:14.4,731
38:14.6,354
38:14.8,-1
38:15.0,-42
38:15.2,-42
38:15.4,-42
38:15.6,-42
38:15.8,-42
38:16.0,-42
38:16.2,-42
38:16.4,-42
38:16.6,-42
38:16.8,-42
38:17.0,-42
38:17.2,-42
38:17.4,-42
38:17.6,-42
38:17.8,-42
38:18.0,-42
38:18.2,-42
38:18.4,-42
38:18.6,-42
38:18.8,-42
38:19.0,214
38:19.2,621
38:19.4,1029
38:19.6,1429
38:19.8,1832
38:20.0,2252
38:20.2,2645
38:20.4,3022
38:20.6,3405
38:20.8,3796
38:21.0,4176
38:21.2,4545
38:21.4,4938
38:21.6,5326
38:21.8,5709
38:22.0,6084
38:22.2,6488
38:22.4,6880
38:22.6,7262
38:22.8,7653
38:23.0,8057
38:23.2,8449
38:23.4,8836
38:23.6,9247
38:23.8,9649
38:24.0,9857
38:24.2,9858
38:24.4,9858
38:24.6,9858
38:24.8,9858
38:25.0,9858
38:25.2,9858
38:25.4,9858
38:25.6,9858
38:25.8,9858
38:26.0,9858
38:26.2,9858
38:26.4,9858
38:26.6,9858
38:26.8,9858
38:27.0,9858
38:27.2,9858
38:27.4,9858
38:27.6,9858
38:27.8,9858
38:28.0,9858
38:28.2,9680
38:28.4,9265
38:28.6,8855
38:28.8,8445
38:29.0,8042
38:29.2,7632
38:29.4,7242
38:29.6,6869
38:29.8,6482
38:30.0,6084
38:30.2,5706
38:30.4,5326
38:30.6,4931
38:30.8,4531
38:31.0,4158
38:31.2,3784
38:31.4,3392
38:31.6,3005
38:31.8,2631
38:32.0,2244
38:32.2,1845
38:32.4,1462
38:32.6,1103
38:32.8,722
38:33.0,352
38:33.2,-2
38:33.4,-44
38:33.6,-44
38:33.8,-44
38:34.0,-44
38:34.2,-44
38:34.4,-44
38:34.6,-44
38:34.8,-44
38:35.0,-44
38:35.2,-44
38:35.4,-44
38:35.6,-44
38:35.8,-44
38:36.0,-44
38:36.2,-44
38:36.4,-44
38:36.6,-44
38:36.8,-44
38:37.0,-44
38:37.2,-44
38:37.4,216
38:37.6,624
38:37.8,1035
38:38.0,1428
38:38.2,1830
38:38.4,2252
38:38.6,2647
38:38.8,3018
38:39.0,3402
38:39.2,3792
38:39.4,4173
38:39.6,4542
38:39.8,4933
38:40.0,5326
38:40.2,5705
38:40.4,6082
38:40.6,6480
38:40.8,6870
38:41.0,7254
38:41.2,7642
38:41.4,8041
38:41.6,8434
38:41.8,8825
38:42.0,9226
38:42.2,9633
38:42.4,9835
38:42.6,9834
38:42.8,9834
38:43.0,9834
38:43.2,9834
38:43.4,9834
38:43.6,9834
38:43.8,9834
38:44.0,9834
38:44.2,9834
38:44.4,9834
38:44.6,9834
38:44.8,9834
38:44.9,9834
38:45.1,9834
38:45.3,9834
38:45.5,9834
38:45.7,9834
38:45.9,9834
38:46.1,9834
38:46.3,9834
38:46.5,9496
38:46.7,9075
38:46.9,8672
38:47.1,8271
38:47.3,7862
38:47.5,7456
38:47.7,7080
38:47.9,6700
38:48.1,6305
38:48.3,5921
38:48.5,5542
38:48.7,5157
38:48.9,4758
38:49.1,4375
38:49.3,4003
38:49.5,3617
38:49.7,3228
38:49.9,2846
38:50.1,2468
38:50.3,2078
38:50.5,1685
38:50.7,1305
38:50.9,948
38:51.1,571
38:51.3,204
38:51.5,-59
38:51.7,-58
38:51.9,-58
38:52.1,-58
38:52.3,-58
38:52.5,-58
38:52.7,-58
38:52.9,-58
38:53.1,-58
38:53.3,-58
38:53.5,-58
38:53.7,-58
38:53.9,-58
38:54.1,-58
38:54.3,-58
38:54.5,-58
38:54.7,-58
38:54.9,-58
38:55.1,-58
38:55.3,-58
38:55.5,-48
38:55.7,359
38:55.9,765
38:56.1,1167
38:56.3,1562
38:56.5,1972
38:56.7,2382
38:56.9,2769
38:57.1,3142
38:57.3,3536
38:57.5,3918
38:57.7,4296
38:57.9,4666
38:58.1,5065
38:58.3,5452
38:58.5,5830
38:58.7,6212
38:58.9,6613
38:59.1,7005
38:59.3,7380
38:59.5,7777
38:59.7,8175
38:59.9,8563
39:00.1,8953
39:00.3,9364
39:00.5,9765
39:00.7,9820
39:00.9,9820
39:01.1,9820
39:01.3,9820
39:01.5,9819
39:01.7,9819
39:01.9,9819
39:02.1,9819
39:02.3,9819
39:02.5,9819
39:02.7,9819
39:02.9,9819
39:03.1,9819
39:03.3,9819
39:03.5,9819
39:03.7,9819
39:03.9,9819
39:04.1,9819
39:04.3,9819
39:04.5,9819
39:04.7,9742
39:04.9,9323
39:05.1,8910
39:05.3,8501
39:05.5,8101
39:05.7,7685
39:05.9,7293
39:06.1,6917
39:06.3,6536
39:06.5,6142
39:06.7,5759
39:06.9,5383
39:07.1,4987
39:07.3,4595
39:07.5,4210
39:07.7,3838
39:07.9,3441
39:08.1,3061
39:08.3,2681
39:08.5,2298
39:08.7,1898
39:08.9,1507
39:09.1,1146
39:09.3,774
39:09.5,399
39:09.7,43
39:09.9,-9
39:10.1,-9
39:10.3,-9
39:10.5,-9
39:10.7,-9
39:10.9,-9
39:11.1,-9
39:11.3,-9
39:11.5,-9
39:11.7,-9
39:11.9,-9
39:12.1,-9
39:12.3,-9
39:12.5,-9
39:12.7,-9
39:12.9,-9
39:13.1,-9
39:13.3,-9
39:13.5,-9
39:13.7,-9
39:13.9,156
39:14.1,563
39:14.3,968
39:14.5,1363
39:14.7,1766
39:14.9,2190
39:15.1,2587
39:15.3,2968
39:15.5,3341
39:15.7,3739
39:15.9,4114
39:16.1,4483
39:16.3,4871
39:16.5,5257
39:16.7,5641
39:16.9,6019
39:17.1,6419
39:17.3,6811
39:17.5,7197
39:17.7,7587
39:17.9,7986
39:18.1,8382
39:18.3,8765
39:18.5,9166
39:18.7,9574
39:18.9,9866
39:19.1,9866
39:19.3,9866
39:19.5,9866
39:19.7,9866
39:19.9,9866
39:20.1,9866
39:20.3,9866
39:20.5,9866
39:20.7,9866
39:20.9,9866
39:21.1,9866
39:21.3,9866
39:21.5,9866
39:21.7,9866
39:21.9,9866
39:22.1,9866
39:22.3,9866
39:22.5,9866
39:22.7,9866
39:22.9,9866
39:23.1,9623
39:23.3,9210
39:23.5,8803
39:23.7,8396
39:23.9,7992
39:24.1,7582
39:24.3,7195
39:24.5,6822
39:24.7,6429
39:24.9,6039
39:25.1,5657
39:25.3,5274
39:25.5,4876
39:25.7,4495
39:25.9,4114
39:26.1,3736
39:26.3,3341
39:26.5,2951
39:26.7,2584
39:26.9,2194
39:27.1,1792
39:27.3,1416
39:27.5,1057
39:27.7,678
39:27.9,309
39:28.1,-28
39:28.3,-28
39:28.5,-28
39:28.7,-28
39:28.9,-28
39:29.1,-28
39:29.3,-28
39:29.5,-28
39:29.7,-28
39:29.9,-28
39:30.1,-28
39:30.3,-28
39:30.5,-28
39:30.7,-28
39:30.9,-28
39:31.1,-28
39:31.3,-28
39:31.5,-28
39:31.7,-28
39:31.9,-28
39:32.1,-28
39:32.3,290
39:32.5,701
39:32.7,1101
39:32.9,1499
39:33.1,1905
39:33.3,2326
39:33.5,2716
39:33.7,3088
39:33.9,3480
39:34.1,3864
39:34.3,4245
39:34.5,4615
39:34.7,5009
39:34.9,5398
39:35.1,5780
39:35.3,6160
39:35.5,6566
39:35.7,6952
39:35.9,7335
39:36.1,7730
39:36.3,8131
39:36.5,8520
39:36.7,8910
39:36.9,9322
39:37.1,9729
39:37.3,9861
39:37.5,9861
39:37.7,9861
39:37.9,9861
39:38.1,9861
39:38.3,9861
39:38.5,9861
39:38.7,9861
39:38.9,9861
39:39.1,9861
39:39.3,9861
39:39.5,9861
39:39.7,9861
39:39.9,9861
39:40.1,9861
39:40.3,9861
39:40.5,9861
39:40.7,9861
39:40.9,9861
39:41.1,9861
39:41.3,9861
39:41.5,9470
39:41.7,9053
39:41.9,8639
39:42.1,8241
39:42.3,7832
39:42.5,7431
39:42.7,7050
39:42.9,6669
39:43.1,6278
39:43.3,5890
39:43.5,5512
39:43.7,5125
39:43.9,4722
39:44.1,4337
39:44.3,3972
39:44.5,3578
39:44.7,3190
39:44.9,2808
39:45.1,2429
39:45.3,2028
39:45.5,1642
39:45.7,1270
39:45.9,903
39:46.1,521
39:46.3,162
39:46.5,-68
39:46.7,-68
39:46.9,-68
39:47.1,-68
39:47.3,-68
39:47.5,-68
39:47.7,-68
39:47.9,-68
39:48.1,-68
39:48.3,-68
39:48.5,-68
39:48.7,-68
39:48.9,-68
39:49.1,-68
39:49.3,-68
39:49.5,-68
39:49.7,-68
39:49.9,-68
39:50.1,-68
39:50.3,-68
39:50.5,-9
39:50.7,395
39:50.9,794
39:51.1,1185
39:51.3,1574
39:51.5,1973
39:51.7,2378
39:51.9,2757
39:52.1,3127
39:52.3,3512
39:52.5,3892
39:52.7,4262
39:52.9,4629
39:53.1,5012
39:53.3,5396
39:53.5,5768
39:53.7,6142
39:53.9,6540
39:54.1,6921
39:54.3,7302
39:54.5,7678
39:54.7,8071
39:54.9,8460
39:55.1,8839
39:55.3,9235
39:55.5,9635
39:55.7,9877
39:55.9,9877
39:56.1,9877
39:56.3,9877
39:56.5,9877
39:56.7,9877
39:56.9,9877
39:57.1,9877
39:57.3,9877
39:57.5,9877
39:57.7,9877
39:57.9,9877
39:58.1,9877
39:58.3,9877
39:58.5,9877
39:58.7,9877
39:58.9,9877
39:59.1,9877
39:59.3,9877
39:59.5,9877
39:59.7,9743
39:59.9,9322
40:00.1,8913
40:00.3,8499
40:00.5,8100
40:00.7,7679
40:00.9,7295
40:01.1,6921
40:01.3,6532
40:01.5,6140
40:01.7,5755
40:01.9,5382
40:02.1,4984
40:02.3,4593
40:02.5,4211
40:02.7,3837
40:02.9,3441
40:03.1,3056
40:03.3,2683
40:03.4,2303
40:03.6,1904
40:03.8,1521
40:04.0,1160
40:04.2,792
40:04.4,417
40:04.6,63
40:04.8,-19
40:05.0,-19
40:05.2,-19
40:05.4,-19
40:05.6,-19
40:05.8,-19
40:06.0,-19
40:06.2,-19
40:06.4,-19
40:06.6,-19
40:06.8,-19
40:07.0,-19
40:07.2,-19
40:07.4,-19
40:07.6,-19
40:07.8,-19
40:08.0,-19
40:08.2,-19
40:08.4,-19
40:08.6,-19
40:08.8,202
40:09.0,606
40:09.2,1013
40:09.4,1414
40:09.6,1814
40:09.8,2234
40:10.0,2630
40:10.2,3008
40:10.4,3393
40:10.6,3784
40:10.8,4163
40:11.0,4531
40:11.2,4923
40:11.4,5311
40:11.6,5696
40:11.8,6073
40:12.0,6472
40:12.2,6864
40:12.4,7253
40:12.6,7636
40:12.8,8039
40:13.0,8432
40:13.2,8818
40:13.4,9226
40:13.6,9636
40:13.8,9871
40:14.0,9872
40:14.2,9872
40:14.4,9872
40:14.6,9872
40:14.8,9872
40:15.0,9872
40:15.2,9872
40:15.4,9872
40:15.6,9872
40:15.8,9872
40:16.0,9872
40:16.2,9872
40:16.4,9872
40:16.6,9872
40:16.8,9872
40:17.0,9872
40:17.2,9872
40:17.4,9872
40:17.6,9872
40:17.8,9872
40:18.0,9577
40:18.2,9157
40:18.4,8749
40:18.6,8348
40:18.8,7937
40:19.0,7530
40:19.2,7146
40:19.4,6765
40:19.6,6375
40:19.8,5985
40:20.0,5602
40:20.2,5223
40:20.4,4826
40:20.6,4439
40:20.8,4064
40:21.0,3680
40:21.2,3281
40:21.4,2908
40:21.6,2536
40:21.8,2140
40:22.0,1748
40:22.2,1371
40:22.4,1012
40:22.6,638
40:22.8,269
40:23.0,-22
40:23.2,-21
40:23.4,-21
40:23.6,-21
40:23.8,-21
40:24.0,-21
40:24.2,-21
40:24.4,-21
40:24.6,-21
40:24.8,-21
40:25.0,-21
40:25.2,-21
40:25.4,-21
40:25.6,-21
40:25.8,-21
40:26.0,-21
40:26.2,-21
40:26.4,-21
40:26.6,-21
40:26.8,-21
40:27.0,-21
40:27.2,360
40:27.4,763
40:27.6,1164
40:27.8,1563
40:28.0,1969
40:28.2,2383
40:28.4,2770
40:28.6,3142
40:28.8,3534
40:29.0,3919
40:29.2,4296
40:29.4,4665
40:29.6,5063
40:29.8,5448
40:30.0,5828
40:30.2,6214
40:30.4,6611
40:30.6,7002
40:30.8,7384
40:31.0,7781
40:31.2,8177
40:31.4,8569
40:31.6,8956
40:31.8,9371
40:32.0,9766
40:32.2,9852
40:32.4,9852
40:32.6,9852
40:32.8,9852
40:33.0,9852
40:33.2,9852
40:33.4,9852
40:33.6,9852
40:33.8,9852
40:34.0,9852
40:34.2,9852
40:34.4,9852
40:34.6,9852
40:34.8,9852
40:35.0,9852
40:35.2,9852
40:35.4,9852
40:35.6,9852
40:35.8,9852
40:36.0,9852
40:36.2,9813
40:36.4,9397
40:36.6,8981
40:36.8,8575
40:37.0,8169
40:37.2,7757
40:37.4,7367
40:37.6,6987
40:37.8,6607
40:38.0,6208
40:38.2,5826
40:38.4,5448
40:38.6,5057
40:38.8,4660
40:39.0,4276
40:39.2,3900
40:39.4,3513
40:39.6,3120
40:39.8,2743
40:40.0,2358
40:40.2,1964
40:40.4,1579
40:40.6,1208
40:40.8,845
40:41.0,471
40:41.2,111
40:41.4,39
40:41.6,38
40:41.8,38
40:42.0,38
40:42.2,38
40:42.4,38
40:42.6,38
40:42.8,38
40:43.0,38
40:43.2,38
40:43.4,38
40:43.6,38
40:43.8,38
40:44.0,38
40:44.2,38
40:44.4,38
40:44.6,38
40:44.8,38
40:45.0,38
40:45.2,38
40:45.4,159
40:45.6,558
40:45.8,947
40:46.0,1337
40:46.2,1727
40:46.4,2134
40:46.6,2528
40:46.8,2903
40:47.0,3272
40:47.2,3658
40:47.4,4036
40:47.6,4398
40:47.8,4775
40:48.0,5156
40:48.2,5536
40:48.4,5901
40:48.6,6284
40:48.8,6677
40:49.0,7056
40:49.2,7429
40:49.4,7817
40:49.6,8210
40:49.8,8587
40:50.0,8971
40:50.2,9370
40:50.4,9764
40:50.6,9861
40:50.8,9861
40:51.0,9861
40:51.2,9861
40:51.4,9861
40:51.6,9861
40:51.8,9861
40:52.0,9861
40:52.2,9861
40:52.4,9861
40:52.6,9861
40:52.8,9861
40:53.0,9861
40:53.2,9861
40:53.4,9861
40:53.6,9861
40:53.8,9861
40:54.0,9861
40:54.2,9861
40:54.4,9861
40:54.6,9654
40:54.8,9244
40:55.0,8836
40:55.2,8429
40:55.4,8026
40:55.6,7613
40:55.8,7224
40:56.0,6856
40:56.2,6464
40:56.4,6075
40:56.6,5689
40:56.8,5314
40:57.0,4915
40:57.2,4526
40:57.4,4146
40:57.6,3767
40:57.8,3372
40:58.0,2985
40:58.2,2613
40:58.4,2227
40:58.6,1829
40:58.8,1449
40:59.0,1093
40:59.2,720
40:59.4,345
40:59.6,-6
40:59.8,-25
41:00.0,-25
41:00.2,-25
41:00.4,-25
41:00.6,-25
41:00.8,-25
41:01.0,-25
41:01.2,-25
41:01.4,-25
41:01.6,-25
41:01.8,-25
41:02.0,-25
41:02.2,-25
41:02.4,-25
41:02.6,-25
41:02.8,-25
41:03.0,-25
41:03.2,-25
41:03.4,-25
41:03.6,-25
41:03.8,261
41:04.0,668
41:04.2,1081
41:04.4,1478
41:04.6,1877
41:04.8,2295
41:05.0,2690
41:05.2,3063
41:05.4,3450
41:05.6,3837
41:05.8,4212
41:06.0,4583
41:06.2,4975
41:06.4,5368
41:06.6,5745
41:06.8,6128
41:07.0,6528
41:07.2,6921
41:07.4,7301
41:07.6,7694
41:07.8,8092
41:08.0,8488
41:08.2,8874
41:08.4,9289
41:08.6,9695
41:08.8,9866
41:09.0,9866
41:09.2,9866
41:09.4,9866
41:09.6,9866
41:09.8,9866
41:10.0,9866
41:10.2,9866
41:10.4,9866
41:10.6,9866
41:10.8,9866
41:11.0,9866
41:11.2,9866
41:11.4,9866
41:11.6,9866
41:11.8,9866
41:12.0,9866
41:12.2,9866
41:12.4,9866
41:12.6,9866
41:12.8,9866
41:13.0,9504
41:13.2,9081
41:13.4,8669
41:13.6,8273
41:13.8,7863
41:14.0,7457
41:14.2,7078
41:14.4,6705
41:14.6,6308
41:14.8,5919
41:15.0,5542
41:15.2,5157
41:15.4,4756
41:15.6,4372
41:15.8,3998
41:16.0,3607
41:16.2,3220
41:16.4,2831
41:16.6,2455
41:16.8,2066
41:17.0,1671
41:17.2,1301
41:17.4,939
41:17.6,567
41:17.8,209
41:18.0,26
41:18.2,21
41:18.4,21
41:18.6,21
41:18.8,21
41:19.0,21
41:19.2,21
41:19.4,21
41:19.6,21
41:19.8,21
41:20.0,21
41:20.2,21
41:20.4,21
41:20.6,21
41:20.8,21
41:21.0,21
41:21.2,21
41:21.4,21
41:21.6,21
41:21.8,21
41:22.0,56
41:22.2,467
41:22.4,874
41:22.6,1273
41:22.8,1674
41:23.0,2090
41:23.2,2494
41:23.4,2877
41:23.6,3250
41:23.8,3646
41:24.0,4025
41:24.2,4397
41:24.4,4776
41:24.6,5169
41:24.8,5554
41:25.0,5930
41:25.2,6327
41:25.4,6721
41:25.6,7108
41:25.8,7489
41:26.0,7890
41:26.2,8283
41:26.4,8675
41:26.6,9074
41:26.8,9488
41:27.0,9889
41:27.2,9905
41:27.4,9905
41:27.6,9905
41:27.8,9905
41:28.0,9905
41:28.2,9905
41:28.4,9905
41:28.5,9905
41:28.7,9905
41:28.9,9905
41:29.1,9905
41:29.3,9905
41:29.5,9905
41:29.7,9905
41:29.9,9905
41:30.1,9905
41:30.3,9905
41:30.5,9905
41:30.7,9905
41:30.9,9905
41:31.1,9790
41:31.3,9373
41:31.5,8958
41:31.7,8551
41:31.9,8149
41:32.1,7738
41:32.3,7350
41:32.5,6972
41:32.7,6591
41:32.9,6196
41:33.1,5811
41:33.3,5432
41:33.5,5041
41:33.7,4645
41:33.9,4259
41:34.1,3880
41:34.3,3490
41:34.5,3104
41:34.7,2722
41:34.9,2344
41:35.1,1950
41:35.3,1565
41:35.5,1194
41:35.7,832
41:35.9,458
41:36.1,97
41:36.3,9
41:36.5,9
41:36.7,9
41:36.9,9
41:37.1,9
41:37.3,9
41:37.5,9
41:37.7,9
41:37.9,9
41:38.1,9
41:38.3,9
41:38.5,9
41:38.7,9
41:38.9,9
41:39.1,9
41:39.3,9
41:39.5,9
41:39.7,9
41:39.9,9
41:40.1,9
41:40.3,209
41:40.5,612
41:40.7,1019
41:40.9,1416
41:41.1,1822
41:41.3,2243
41:41.5,2638
41:41.7,3013
41:41.9,3398
41:42.1,3790
41:42.3,4169
41:42.5,4536
41:42.7,4929
41:42.9,5315
41:43.1,5697
41:43.3,6075
41:43.5,6474
41:43.7,6864
41:43.9,7253
41:44.1,7644
41:44.3,8046
41:44.5,8441
41:44.7,8829
41:44.9,9237
41:45.1,9643
41:45.3,9900
41:45.5,9900
41:45.7,9900
41:45.9,9900
41:46.1,9900
41:46.3,9900
41:46.5,9900
41:46.7,9900
41:46.9,9900
41:47.1,9900
41:47.3,9900
41:47.5,9900
41:47.7,9900
41:47.9,9900
41:48.1,9900
41:48.3,9900
41:48.5,9900
41:48.7,9900
41:48.9,9900
41:49.1,9900
41:49.3,9900
41:49.5,9618
41:49.7,9201
41:49.9,8796
41:50.1,8390
41:50.3,7988
41:50.5,7573
41:50.7,7192
41:50.9,6827
41:51.1,6433
41:51.3,6042
41:51.5,5654
41:51.7,5273
41:51.9,4878
41:52.1,4493
41:52.3,4114
41:52.5,3733
41:52.7,3334
41:52.9,2952
41:53.1,2580
41:53.3,2188
41:53.5,1795
41:53.7,1414
41:53.9,1061
41:54.1,685
41:54.3,319
41:54.5,-20
41:54.7,-7
41:54.9,-7
41:55.1,-7
41:55.3,-7
41:55.5,-7
41:55.7,-7
41:55.9,-7
41:56.1,-7
41:56.3,-7
41:56.5,-7
41:56.7,-7
41:56.9,-7
41:57.1,-7
41:57.3,-7
41:57.5,-7
41:57.7,-7
41:57.9,-7
41:58.1,-7
41:58.3,-7
41:58.5,-7
41:58.7,354
41:58.9,756
41:59.1,1163
41:59.3,1558
41:59.5,1969
41:59.7,2380
41:59.9,2768
42:00.1,3140
42:00.3,3533
42:00.5,3923
42:00.7,4297
42:00.9,4672
42:01.1,5062
42:01.3,5455
42:01.5,5829
42:01.7,6214
42:01.9,6614
42:02.1,7004
42:02.3,7382
42:02.5,7782
42:02.7,8180
42:02.9,8570
42:03.1,8966
42:03.3,9377
42:03.5,9783
42:03.7,9887
42:03.9,9887
42:04.1,9887
42:04.3,9887
42:04.5,9887
42:04.7,9887
42:04.9,9887
42:05.1,9887
42:05.3,9887
42:05.5,9887
42:05.7,9887
42:05.9,9887
42:06.1,9887
42:06.3,9887
42:06.5,9887
42:06.7,9887
42:06.9,9887
42:07.1,9887
42:07.3,9887
42:07.5,9887
42:07.7,9864
42:07.9,9454
42:08.1,9036
42:08.3,8622
42:08.5,8226
42:08.7,7813
42:08.9,7420
42:09.1,7038
42:09.3,6660
42:09.5,6262
42:09.7,5883
42:09.9,5503
42:10.1,5112
42:10.3,4716
42:10.5,4332
42:10.7,3961
42:10.9,3569
42:11.1,3170
42:11.3,2795
42:11.5,2416
42:11.7,2020
42:11.9,1629
42:12.1,1262
42:12.3,896
42:12.5,524
42:12.7,165
42:12.9,-27
42:13.1,-24
42:13.3,-24
42:13.5,-24
42:13.7,-24
42:13.9,-24
42:14.1,-24
42:14.3,-24
42:14.5,-24
42:14.7,-24
42:14.9,-24
42:15.1,-24
42:15.3,-24
42:15.5,-24
42:15.7,-24
42:15.9,-24
42:16.1,-24
42:16.3,-24
42:16.5,-24
42:16.7,-24
42:16.9,78
42:17.1,489
42:17.3,896
42:17.5,1293
42:17.7,1693
42:17.9,2113
42:18.1,2513
42:18.3,2900
42:18.5,3273
42:18.7,3673
42:18.9,4056
42:19.1,4426
42:19.3,4807
42:19.5,5202
42:19.7,5589
42:19.9,5965
42:20.1,6358
42:20.3,6755
42:20.5,7138
42:20.7,7526
42:20.9,7926
42:21.1,8324
42:21.3,8712
42:21.5,9107
42:21.7,9523
42:21.9,9871
42:22.1,9869
42:22.3,9869
42:22.5,9869
42:22.7,9869
42:22.9,9869
42:23.1,9869
42:23.3,9869
42:23.5,9869
42:23.7,9869
42:23.9,9868
42:24.1,9868
42:24.3,9868
42:24.5,9868
42:24.7,9868
42:24.9,9868
42:25.1,9868
42:25.3,9868
42:25.5,9868
42:25.7,9868
42:25.9,9868
42:26.1,9686
42:26.3,9265
42:26.5,8850
42:26.7,8449
42:26.9,8045
42:27.1,7635
42:27.3,7247
42:27.5,6875
42:27.7,6482
42:27.9,6089
42:28.1,5710
42:28.3,5328
42:28.5,4936
42:28.7,4544
42:28.9,4158
42:29.1,3786
42:29.3,3394
42:29.5,3008
42:29.7,2628
42:29.9,2245
42:30.1,1842
42:30.3,1462
42:30.5,1106
42:30.7,732
42:30.9,360
42:31.1,7
42:31.3,-43
42:31.5,-43
42:31.7,-43
42:31.9,-43
42:32.1,-43
42:32.3,-43
42:32.5,-43
42:32.7,-43
42:32.9,-43
42:33.1,-43
42:33.3,-43
42:33.5,-43
42:33.7,-43
42:33.9,-43
42:34.1,-43
42:34.3,-43
42:34.5,-43
42:34.7,-43
42:34.9,-43
42:35.1,-43
42:35.3,228
42:35.5,623
42:35.7,1030
42:35.9,1428
42:36.1,1835
42:36.3,2253
42:36.5,2646
42:36.7,3024
42:36.9,3408
42:37.1,3796
42:37.3,4175
42:37.5,4547
42:37.7,4940
42:37.9,5332
42:38.1,5716
42:38.3,6092
42:38.5,6495
42:38.7,6883
42:38.9,7266
42:39.1,7660
42:39.3,8061
42:39.5,8454
42:39.7,8838
42:39.9,9245
42:40.1,9653
42:40.3,9843
42:40.5,9844
42:40.7,9844
42:40.9,9844
42:41.1,9844
42:41.3,9844
42:41.5,9844
42:41.7,9844
42:41.9,9844
42:42.1,9844
42:42.3,9844
42:42.5,9844
42:42.7,9844
42:42.9,9844
42:43.1,9844
42:43.3,9844
42:43.5,9844
42:43.7,9844
42:43.9,9844
42:44.1,9844
42:44.3,9844
42:44.5,9498
42:44.7,9081
42:44.9,8675
42:45.1,8270
42:45.3,7864
42:45.5,7452
42:45.7,7079
42:45.9,6700
42:46.1,6302
42:46.3,5915
42:46.5,5539
42:46.7,5152
42:46.9,4756
42:47.1,4369
42:47.3,3996
42:47.5,3608
42:47.7,3212
42:47.9,2836
42:48.1,2452
42:48.3,2058
42:48.5,1665
42:48.7,1293
42:48.9,929
42:49.1,554
42:49.3,191
42:49.5,13
42:49.7,13
42:49.9,13
42:50.1,13
42:50.3,13
42:50.4,13
42:50.6,13
42:50.8,13
42:51.0,13
42:51.2,13
42:51.4,13
42:51.6,13
42:51.8,13
42:52.0,13
42:52.2,13
42:52.4,13
42:52.6,13
42:52.8,13
42:53.0,13
42:53.2,13
42:53.4,27
42:53.6,436
42:53.8,842
42:54.0,1246
42:54.2,1648
42:54.4,2056
42:54.6,2468
42:54.8,2849
42:55.0,3223
42:55.2,3620
42:55.4,4004
42:55.6,4382
42:55.8,4762
42:56.0,5158
42:56.2,5542
42:56.4,5921
42:56.6,6313
42:56.8,6704
42:57.0,7090
42:57.2,7470
42:57.4,7876
42:57.6,8276
42:57.8,8664
42:58.0,9069
42:58.2,9476
42:58.4,9875
42:58.6,9920
42:58.8,9920
42:59.0,9920
42:59.2,9920
42:59.4,9920
42:59.6,9920
42:59.8,9920
43:00.0,9920
43:00.2,9920
43:00.4,9920
43:00.6,9920
43:00.8,9920
43:01.0,9920
43:01.2,9920
43:01.4,9920
43:01.6,9920
43:01.8,9920
43:02.0,9920
43:02.2,9920
43:02.4,9920
43:02.6,9836
43:02.8,9423
43:03.0,9006
43:03.2,8593
43:03.4,8197
43:03.6,7784
43:03.8,7397
43:04.0,7018
43:04.2,6639
43:04.4,6246
43:04.6,5858
43:04.8,5477
43:05.0,5091
43:05.2,4696
43:05.4,4311
43:05.6,3941
43:05.8,3549
43:06.0,3151
43:06.2,2777
43:06.4,2405
43:06.6,2001
43:06.8,1616
43:07.0,1243
43:07.2,881
43:07.4,504
43:07.6,146
43:07.8,-68
43:08.0,-68
43:08.2,-68
43:08.4,-68
43:08.6,-68
43:08.8,-68
43:09.0,-68
43:09.2,-68
43:09.4,-68
43:09.6,-68
43:09.8,-68
43:10.0,-68
43:10.2,-68
43:10.4,-68
43:10.6,-68
43:10.8,-68
43:11.0,-68
43:11.2,-68
43:11.4,-68
43:11.6,-68
43:11.8,109
43:12.0,513
43:12.2,918
43:12.4,1315
43:12.6,1713
43:12.8,2130
43:13.0,2533
43:13.2,2916
43:13.4,3289
43:13.6,3689
43:13.8,4067
43:14.0,4446
43:14.2,4828
43:14.4,5221
43:14.6,5603
43:14.8,5981
43:15.0,6376
43:15.2,6772
43:15.4,7152
43:15.6,7535
43:15.8,7939
43:16.0,8332
43:16.2,8720
43:16.4,9122
43:16.6,9532
43:16.8,9901
43:17.0,9901
43:17.2,9901
43:17.4,9901
43:17.6,9901
43:17.8,9901
43:18.0,9901
43:18.2,9901
43:18.4,9901
43:18.6,9901
43:18.8,9901
43:19.0,9901
43:19.2,9901
43:19.4,9901
43:19.6,9901
43:19.8,9901
43:20.0,9901
43:20.2,9901
43:20.4,9901
43:20.6,9901
43:20.8,9901
43:21.0,9652
43:21.2,9234
43:21.4,8821
43:21.6,8417
43:21.8,8015
43:22.0,7603
43:22.2,7222
43:22.4,6850
43:22.6,6458
43:22.8,6066
43:23.0,5684
43:23.2,5301
43:23.4,4908
43:23.6,4522
43:23.8,4141
43:24.0,3764
43:24.2,3367
43:24.4,2980
43:24.6,2609
43:24.8,2218
43:25.0,1820
43:25.2,1435
43:25.4,1078
43:25.6,702
43:25.8,328
43:26.0,-2
43:26.2,8
43:26.4,8
43:26.6,8
43:26.8,8
43:27.0,8
43:27.2,8
43:27.4,8
43:27.6,8
43:27.8,8
43:28.0,8
43:28.2,8
43:28.4,8
43:28.6,8
43:28.8,8
43:29.0,8
43:29.2,8
43:29.4,8
43:29.6,8
43:29.8,8
43:30.0,8
43:30.2,332
43:30.4,742
43:30.6,1146
43:30.8,1542
43:31.0,1950
43:31.2,2367
43:31.4,2757
43:31.6,3127
43:31.8,3520
43:32.0,3904
43:32.2,4283
43:32.4,4654
43:32.6,5053
43:32.8,5438
43:33.0,5815
43:33.2,6202
43:33.4,6603
43:33.6,6989
43:33.8,7368
43:34.0,7764
43:34.2,8158
43:34.4,8551
43:34.6,8944
43:34.8,9356
43:35.0,9761
43:35.2,9890
43:35.4,9890
43:35.6,9890
43:35.8,9890
43:36.0,9890
43:36.2,9890
43:36.4,9890
43:36.6,9890
43:36.8,9890
43:37.0,9890
43:37.2,9890
43:37.4,9890
43:37.6,9890
43:37.8,9890
43:38.0,9890
43:38.2,9890
43:38.4,9890
43:38.6,9890
43:38.8,9890
43:39.0,9890
43:39.2,9888
43:39.4,9487
43:39.6,9070
43:39.8,8658
43:40.0,8258
43:40.2,7848
43:40.4,7445
43:40.6,7066
43:40.8,6683
43:41.0,6293
43:41.2,5910
43:41.4,5527
43:41.6,5144
43:41.8,4749
43:42.0,4362
43:42.2,3991
43:42.4,3602
43:42.6,3212
43:42.8,2830
43:43.0,2450
43:43.2,2059
43:43.4,1663
43:43.6,1290
43:43.8,922
43:44.0,548
43:44.2,182
43:44.4,-8
43:44.6,-8
43:44.8,-8
43:45.0,-8
43:45.2,-8
43:45.4,-8
43:45.6,-8
43:45.8,-8
43:46.0,-8
43:46.2,-8
43:46.4,-8
43:46.6,-8
43:46.8,-8
43:47.0,-8
43:47.2,-8
43:47.4,-8
43:47.6,-8
43:47.8,-8
43:48.0,-8
43:48.2,-8
43:48.4,60
43:48.6,477
43:48.8,881
43:49.0,1282
43:49.2,1681
43:49.4,2097
43:49.6,2498
43:49.8,2882
43:50.0,3256
43:50.2,3653
43:50.4,4034
43:50.6,4404
43:50.8,4785
43:51.0,5181
43:51.2,5567
43:51.4,5942
43:51.6,6338
43:51.8,6730
43:52.0,7116
43:52.2,7500
43:52.4,7899
43:52.6,8299
43:52.8,8689
43:53.0,9082
43:53.2,9496
43:53.4,9880
43:53.6,9882
43:53.8,9882
43:54.0,9882
43:54.2,9882
43:54.4,9882
43:54.6,9882
43:54.8,9882
43:55.0,9882
43:55.2,9882
43:55.4,9882
43:55.6,9882
43:55.8,9882
43:56.0,9882
43:56.2,9882
43:56.4,9882
43:56.6,9882
43:56.8,9882
43:57.0,9882
43:57.2,9882
43:57.4,9882
43:57.6,9738
43:57.8,9317
43:58.0,8901
43:58.2,8493
43:58.4,8090
43:58.6,7679
43:58.8,7296
43:59.0,6917
43:59.2,6532
43:59.4,6140
43:59.6,5749
43:59.8,5378
44:00.0,4982
44:00.2,4586
44:00.4,4210
44:00.6,3832
44:00.8,3435
44:01.0,3057
44:01.2,2676
44:01.4,2293
44:01.6,1894
44:01.8,1508
44:02.0,1144
44:02.2,773
44:02.4,398
44:02.6,40
44:02.8,-38
44:03.0,-38
44:03.2,-38
44:03.4,-38
44:03.6,-38
44:03.8,-38
44:04.0,-38
44:04.2,-38
44:04.4,-38
44:04.6,-38
44:04.8,-38
44:05.0,-38
44:05.2,-38
44:05.4,-38
44:05.6,-38
44:05.8,-38
44:06.0,-38
44:06.2,-38
44:06.4,-38
44:06.6,-38
44:06.8,198
44:07.0,601
44:07.2,1012
44:07.4,1412
44:07.6,1808
44:07.8,2227
44:08.0,2629
44:08.2,3000
44:08.4,3381
44:08.6,3777
44:08.8,4153
44:09.0,4523
44:09.2,4916
44:09.4,5303
44:09.6,5687
44:09.8,6066
44:10.0,6465
44:10.2,6857
44:10.4,7244
44:10.6,7624
44:10.8,8031
44:11.0,8421
44:11.2,8807
44:11.3,9213
44:11.5,9622
44:11.7,9856
44:11.9,9857
44:12.1,9857
44:12.3,9857
44:12.5,9857
44:12.7,9857
44:12.9,9857
44:13.1,9857
44:13.3,9857
44:13.5,9857
44:13.7,9857
44:13.9,9857
44:14.1,9857
44:14.3,9857
44:14.5,9857
44:14.7,9857
44:14.9,9857
44:15.1,9857
44:15.3,9857
44:15.5,9857
44:15.7,9857
44:15.9,9546
44:16.1,9134
44:16.3,8718
44:16.5,8322
44:16.7,7912
44:16.9,7505
44:17.1,7125
44:17.3,6742
44:17.5,6355
44:17.7,5969
44:17.9,5583
44:18.1,5207
44:18.3,4806
44:18.5,4423
44:18.7,4049
44:18.9,3662
44:19.1,3270
44:19.3,2890
44:19.5,2519
44:19.7,2124
44:19.9,1720
44:20.1,1343
44:20.3,990
44:20.5,607
44:20.7,246
44:20.9,40
44:21.1,40
44:21.3,40
44:21.5,40
44:21.7,40
44:21.9,40
44:22.1,40
44:22.3,40
44:22.5,40
44:22.7,40
44:22.9,40
44:23.1,40
44:23.3,40
44:23.5,40
44:23.7,40
44:23.9,40
44:24.1,40
44:24.3,40
44:24.5,40
44:24.7,40
44:24.9,39
44:25.1,409
44:25.3,812
44:25.5,1200
44:25.7,1589
44:25.9,1996
44:26.1,2394
44:26.3,2776
44:26.5,3144
44:26.7,3533
44:26.9,3910
44:27.1,4277
44:27.3,4643
44:27.5,5032
44:27.7,5412
44:27.9,5786
44:28.1,6161
44:28.3,6557
44:28.5,6937
44:28.7,7312
44:28.9,7692
44:29.1,8085
44:29.3,8469
44:29.5,8846
44:29.7,9244
44:29.9,9640
44:30.1,9890
44:30.3,9891
44:30.5,9891
44:30.7,9891
44:30.9,9891
44:31.1,9891
44:31.3,9891
44:31.5,9891
44:31.7,9891
44:31.9,9891
44:32.1,9891
44:32.3,9891
44:32.5,9891
44:32.7,9891
44:32.9,9891
44:33.1,9891
44:33.3,9891
44:33.5,9891
44:33.7,9891
44:33.9,9891
44:34.1,9841
44:34.3,9429
44:34.5,9011
44:34.7,8604
44:34.9,8203
44:35.1,7789
44:35.3,7400
44:35.5,7018
44:35.7,6642
44:35.9,6246
44:36.1,5857
44:36.3,5480
44:36.5,5093
44:36.7,4700
44:36.9,4313
44:37.1,3943
44:37.3,3553
44:37.5,3160
44:37.7,2782
44:37.9,2408
44:38.1,2005
44:38.3,1616
44:38.5,1247
44:38.7,885
44:38.9,507
44:39.1,146
44:39.3,-9
44:39.5,-8
44:39.7,-8
44:39.9,-8
44:40.1,-8
44:40.3,-8
44:40.5,-8
44:40.7,-8
44:40.9,-8
44:41.1,-8
44:41.3,-8
44:41.5,-8
44:41.7,-8
44:41.9,-8
44:42.1,-8
44:42.3,-8
44:42.5,-8
44:42.7,-8
44:42.9,-8
44:43.1,-8
44:43.3,127
44:43.5,536
44:43.7,937
44:43.9,1334
44:44.1,1736
44:44.3,2154
44:44.5,2555
44:44.7,2940
44:44.9,3313
44:45.1,3708
44:45.3,4087
44:45.5,4459
44:45.7,4841
44:45.9,5236
44:46.1,5621
44:46.3,5995
44:46.5,6397
44:46.7,6789
44:46.9,7171
44:47.1,7553
44:47.3,7954
44:47.5,8349
44:47.7,8736
44:47.9,9141
44:48.1,9547
44:48.3,9881
44:48.5,9881
44:48.7,9881
44:48.9,9881
44:49.1,9881
44:49.3,9881
44:49.5,9881
44:49.7,9881
44:49.9,9881
44:50.1,9881
44:50.3,9881
44:50.5,9881
44:50.7,9881
44:50.9,9881
44:51.1,9881
44:51.3,9881
44:51.5,9881
44:51.7,9881
44:51.9,9881
44:52.1,9881
44:52.3,9881
44:52.5,9676
44:52.7,9259
44:52.9,8849
44:53.1,8439
44:53.3,8039
44:53.5,7625
44:53.7,7241
44:53.9,6868
44:54.1,6474
44:54.3,6084
44:54.5,5704
44:54.7,5321
44:54.9,4930
44:55.1,4539
44:55.3,4160
44:55.5,3780
44:55.7,3382
44:55.9,3004
44:56.1,2626
44:56.3,2238
44:56.5,1840
44:56.7,1453
44:56.9,1097
44:57.1,724
44:57.3,350
44:57.5,-2
44:57.7,-23
44:57.9,-23
44:58.1,-23
44:58.3,-23
44:58.5,-23
44:58.7,-23
44:58.9,-23
44:59.1,-23
44:59.3,-23
44:59.5,-23
44:59.7,-23
44:59.9,-23
45:00.1,-23
45:00.3,-23
45:00.5,-23
45:00.7,-23
45:00.9,-23
45:01.1,-23
45:01.3,-23
45:01.5,-23
45:01.7,261
45:01.9,668
45:02.1,1072
45:02.3,1473
45:02.5,1878
45:02.7,2298
45:02.9,2693
45:03.1,3064
45:03.3,3451
45:03.5,3836
45:03.7,4212
45:03.9,4585
45:04.1,4982
45:04.3,5367
45:04.5,5750
45:04.7,6130
45:04.9,6534
45:05.1,6928
45:05.3,7309
45:05.5,7692
45:05.7,8094
45:05.9,8484
45:06.1,8870
45:06.3,9279
45:06.5,9677
45:06.7,9936
45:06.9,9936
45:07.1,9936
45:07.3,9936
45:07.5,9936
45:07.7,9936
45:07.9,9936
45:08.1,9936
45:08.3,9936
45:08.5,9936
45:08.7,9936
45:08.9,9936
45:09.1,9936
45:09.3,9936
45:09.5,9936
45:09.7,9936
45:09.9,9936
45:10.1,9936
45:10.3,9936
45:10.5,9936
45:10.7,9936
45:10.9,9581
45:11.1,9162
45:11.3,8755
45:11.5,8363
45:11.7,7964
45:11.9,7565
45:12.1,7178
45:12.3,6809
45:12.5,6420
45:12.7,6029
45:12.9,5648
45:13.1,5272
45:13.3,4872
45:13.5,4487
45:13.7,4112
45:13.9,3734
45:14.1,3336
45:14.3,2951
45:14.5,2582
45:14.7,2196
45:14.9,1792
45:15.1,1412
45:15.3,1063
45:15.5,687
45:15.7,316
45:15.9,6
45:16.1,5
45:16.3,5
45:16.5,5
45:16.7,5
45:16.9,5
45:17.1,5
45:17.3,5
45:17.5,5
45:17.7,5
45:17.9,5
45:18.1,5
45:18.3,5
45:18.5,5
45:18.7,5
45:18.9,5
45:19.1,5
45:19.3,5
45:19.5,5
45:19.7,5
45:19.9,38
45:20.1,434
45:20.3,834
45:20.5,1230
45:20.7,1620
45:20.9,2024
45:21.1,2421
45:21.3,2806
45:21.5,3168
45:21.7,3556
45:21.9,3931
45:22.1,4300
45:22.3,4669
45:22.5,5061
45:22.7,5438
45:22.9,5810
45:23.1,6194
45:23.3,6585
45:23.5,6969
45:23.7,7337
45:23.9,7721
45:24.1,8112
45:24.3,8496
45:24.5,8873
45:24.7,9272
45:24.9,9666
45:25.1,9937
45:25.3,9937
45:25.5,9937
45:25.7,9937
45:25.9,9937
45:26.1,9937
45:26.3,9937
45:26.5,9937
45:26.7,9937
45:26.9,9937
45:27.0,9937
45:27.2,9937
45:27.4,9937
45:27.7,9937
45:27.8,9937
45:28.0,9937
45:28.2,9937
45:28.4,9937
45:28.6,9937
45:28.8,9937
45:29.0,9937
45:29.2,9937
45:29.4,9937
45:29.6,9937
45:29.8,9937
45:30.0,9937
45:30.2,9937
45:30.4,9937
45:30.6,9937
45:30.8,9937
45:31.0,9937
45:31.2,9937
45:31.4,9937
45:31.6,9937
45:31.8,9937
45:32.0,9937
45:32.2,9937
45:32.4,9937
45:32.6,9937
45:32.8,9937
45:33.0,9937
45:33.2,9937
45:33.4,9937
45:33.6,9937
45:33.8,9937
45:34.0,9937
45:34.2,9937
45:34.4,9937
45:34.6,9937
45:34.8,9937
45:35.0,9937
45:35.2,9937
45:35.4,9937
45:35.6,9937
45:35.8,9937
45:36.0,9937
45:36.2,9937
45:36.4,9937
45:36.6,9937
45:36.8,9937
45:37.0,9937
45:37.2,9937
45:37.4,9937
45:37.6,9937
45:37.8,9937
45:38.0,9937
45:38.2,9937
45:38.4,9937
45:38.6,9937
45:38.8,9937
45:39.0,9937
45:39.2,9937
45:39.4,9937
45:39.6,9937
45:39.8,9937
45:40.0,9937
45:40.2,9937
45:40.4,9937
45:40.6,9937
45:40.8,9937
45:41.0,9937
45:41.2,9937
45:41.4,9937
45:41.6,9937
45:41.8,9937
45:42.0,9937
45:42.2,9937
45:42.4,9937
45:42.6,9937
45:42.8,9937
45:43.0,9937
45:43.2,9937
45:43.4,9937
45:43.6,9937
45:43.8,9937
45:44.0,9937
45:44.2,9937
45:44.4,9937
45:44.6,9937
45:44.8,9937
45:45.0,9937
45:45.2,9937
45:45.4,9937
45:45.6,9937
45:45.8,9937
45:46.0,9937
45:46.2,9937
45:46.4,9937
45:46.6,9937
45:46.8,9937
45:47.0,9937
45:47.2,9937
45:47.4,9937
45:47.6,9937
45:47.8,9937
45:48.0,9937
45:48.2,9937
45:48.4,9937
45:48.6,9937
45:48.8,9937
45:49.0,9937
45:49.2,9937
45:49.4,9937
45:49.6,9937
45:49.8,9937
45:50.0,9937
45:50.2,9937
45:50.4,9937
45:50.6,9937
45:50.8,9937
45:51.0,9937
45:51.2,9937
45:51.4,9937
45:51.6,9937
45:51.8,9937
45:52.0,9937
45:52.2,9937
45:52.4,9937
45:52.6,9937
45:52.8,9937
45:53.0,9937
45:53.2,9937
45:53.4,9937
45:53.6,9937
45:53.8,9937
45:54.0,9937
45:54.2,9937
45:54.4,9937
45:54.6,9937
45:54.8,9937
45:55.0,9937
45:55.2,9937
45:55.4,9937
45:55.6,9937
45:55.8,9937
45:56.0,9937
45:56.2,9937
45:56.4,9937
45:56.6,9937
45:56.8,9937
45:57.0,9937
45:57.2,9937
45:57.4,9937
45:57.6,9937
45:57.8,9937
45:58.0,9937
